stu_id,day,time
20,-60660,9
22,-48945,5
28,-2813,4
32,-11013,20
38,-89850,33
48,-29376,25
56,-59096,6
60,-38688,4
62,-9678,1
64,-71970,92
66,-243446,69
82,-48468,5
92,-39196,4
96,-269181,34
98,-19964,3
104,-119765,12
108,-111007,31
116,-129574,40
118,-1134,6
136,-32022,6
142,-144064,34
146,-149189,15
154,-11346,3
158,-4886,10
162,-310692,74
166,-576796,117
184,-71707,12
186,-24311,59
198,-19992,2
200,-68018,7
202,-1557,11
204,-1289,11
214,-11351,3
216,-20852,6
218,-177327,78
220,-29646,3
224,-596,2
230,-21856,7
232,-19914,4
236,-19968,2
238,-475919,80
250,-10454,3
254,-25537,13
260,-3978,6
266,-4710,6
268,-191412,26
270,-116942,12
272,-582673,110
276,-12909,7
278,-49282,21
282,-25548,24
290,-630972,107
294,-3960,5
296,-169967,26
298,-476990,97
304,-29975,3
308,-195813,39
310,-2124,4
318,-197856,20
320,-300936,138
322,-41834,9
324,-24497,14
330,-12393,21
344,-2606,5
346,-107508,27
348,-29673,3
352,-3450,6
354,-271522,55
366,-1164,2
372,-1884,4
376,-446250,45
384,-11704,15
386,-6319,22
388,-40924,7
390,-6756,12
394,-41276,7
396,-790,2
398,-7472,11
400,-7426,22
404,-21016,5
408,-53061,11
412,-214657,38
418,-138048,38
424,-469883,117
426,-198381,54
430,-5218,10
438,-179590,44
440,-186587,33
442,-129836,55
444,-41683,12
446,-21073,4
448,-41281,13
450,-41229,11
452,-510616,85
454,-881651,135
460,-154370,38
462,-801711,97
466,-348357,105
468,-30745,7
470,-55018,21
474,-1708,8
476,-17018,18
478,-323596,69
480,-655357,135
484,-11549,23
486,-27583,14
488,-760,4
498,-245479,68
500,-689887,162
502,-796,1
504,-143759,29
512,-49285,28
522,-41723,7
524,-3668,16
526,-215328,39
528,-48945,5
532,-1277,3
534,-51122,7
536,-69979,7
544,-19982,2
552,-310386,53
558,-2770,4
564,-20950,4
566,-155601,29
570,-48647,72
572,-9985,1
574,-49965,5
576,-7149,9
578,-35529,15
580,-19740,4
582,-39184,4
584,-51496,12
586,-148368,17
592,-19958,2
598,-93197,16
602,-51055,7
604,-10000,1
606,-9993,1
608,-196842,36
610,-4050,6
612,-218594,55
616,-19552,2
618,-35352,18
620,-53499,27
624,-224718,97
626,-63366,15
630,-262649,119
636,-5732,12
642,-680658,146
646,-25931,18
650,-63955,12
654,-80146,11
662,-61212,12
664,-172157,39
668,-45474,34
674,-1358,7
678,-195242,54
680,-98770,10
682,-421412,96
684,-44334,10
686,-103930,29
692,-74011,37
694,-99646,44
696,-72510,35
706,-50986,7
708,-99267,10
710,-80974,10
712,-161103,57
718,-81208,16
732,-1160,2
736,-3871,6
740,-29361,3
742,-73291,18
744,-261426,56
746,-21694,5
748,-7428,13
750,-861027,149
754,-449050,113
756,-1083925,244
762,-40124,5
766,-50631,7
770,-72061,10
774,-248340,25
786,-308288,81
788,-51889,9
790,-4870,12
796,-32322,10
798,-266252,44
800,-81183,11
802,-213748,54
804,-6829,12
808,-19946,2
816,-41064,16
820,-188167,26
822,-46354,21
824,-71242,30
826,-163513,56
830,-278277,45
832,-16668,15
834,-98980,29
842,-388103,132
846,-485717,105
848,-574189,116
850,-84391,37
852,-134493,23
854,-135018,47
858,-582,1
860,-1774,4
864,-15049,13
868,-108173,12
878,-125343,30
882,-170589,21
894,-19990,2
898,-760,4
900,-1393,3
902,-101446,14
908,-193330,88
914,-128442,28
916,-382595,57
922,-148402,30
924,-102349,37
928,-19566,2
932,-97994,10
934,-193662,76
936,-53855,18
940,-39890,5
942,-1800,3
944,-44654,23
948,-24634,19
950,-12470,5
952,-39566,4
954,-134691,27
956,-574,2
958,-62931,15
966,-159835,65
970,-21892,5
974,-22169,9
978,-149594,30
980,-76508,21
982,-12873,7
984,-458108,130
988,-352361,111
990,-3056,6
992,-67306,22
994,-4849,13
996,-219,3
1000,-425347,91
1002,-242447,86
1006,-1897,7
1012,-110049,14
1016,-123471,23
1024,-530510,89
1026,-1227989,214
1030,-25352,12
1036,-81104,12
1038,-35303,24
1044,-491,1
1048,-3692,6
1050,-6749,12
1052,-101554,14
1054,-1473,3
1058,-50985,8
1060,-792,4
1066,-167310,32
1068,-87351,26
1078,-68502,7
1080,-511218,141
1084,-15462,13
1092,-76549,25
1096,-149911,15
1102,-431033,57
1110,-976,2
1120,-1700,6
1124,-384,2
1128,-1808,5
1132,-90470,13
1134,-35483,10
1138,-3925,5
1140,-61425,10
1142,-82808,13
1150,-130506,44
1152,-375771,81
1154,-137192,14
1156,-57427,26
1166,-434091,44
1168,-76737,17
1170,-2336,4
1172,-1182,2
1174,-58830,6
1182,-152297,52
1184,-158424,60
1186,-29973,3
1192,-21633,20
1196,-82081,32
1198,-3312,12
1200,-2280,6
1202,-6024,11
1204,-47099,23
1206,-99710,10
1208,-14723,13
1212,-62503,11
1214,-331648,61
1216,-44644,15
1218,-9878,1
1220,-2334,4
1222,-19552,2
1224,-73506,13
1226,-162047,63
1236,-124986,38
1240,-122932,21
1246,-63210,13
1248,-271583,35
1252,-225631,42
1254,-49300,5
1256,-43707,24
1258,-44764,44
1260,-29637,3
1264,-24134,11
1266,-10361,3
1272,-3010,7
1278,-173511,55
1282,-9100,20
1286,-19788,2
1288,-501643,66
1290,-123707,27
1294,-161886,37
1296,-10468,28
1300,-3329,7
1304,-56312,30
1308,-21162,8
1312,-19988,2
1318,-384738,83
1320,-203536,33
1326,-78336,10
1328,-42875,11
1330,-29385,3
1334,-53506,15
1338,-258120,32
1342,-50696,9
1348,-39508,4
1350,-1372,2
1352,-109532,13
1354,-717093,74
1358,-655257,115
1360,-1700,7
1372,-161690,23
1378,-495777,113
1382,-163453,48
1384,-38696,4
1386,-99248,14
1392,-20930,5
1406,-349536,117
1416,-58564,6
1426,-105564,20
1430,-132911,42
1434,-33246,9
1438,-71282,48
1440,-118735,13
1452,-77288,24
1460,-428799,47
1464,-42087,89
1474,-9872,1
1478,-19742,2
1486,-149601,19
1488,-66226,19
1494,-109057,33
1498,-176642,38
1500,-134097,35
1502,-182373,53
1504,-175153,30
1506,-121042,37
1512,-21350,4
1514,-425792,116
1518,-129239,35
1520,-133662,27
1522,-193,1
1524,-88623,9
1528,-121040,18
1530,-122556,35
1532,-144691,38
1534,-63675,14
1538,-14956,10
1540,-132476,22
1542,-30046,8
1548,-158170,19
1550,-134893,24
1552,-58203,27
1554,-83945,16
1556,-94760,19
1564,-400,2
1568,-21832,6
1570,-9690,1
1576,-3323,7
1580,-596,1
1584,-71885,11
1590,-58728,6
1592,-952,2
1610,-3113,7
1614,-42791,11
1620,-122729,19
1626,-27531,21
1628,-146536,33
1634,-100046,19
1640,-10063,2
1650,-15149,29
1652,-2380,4
1654,-132031,55
1656,-80468,10
1660,-244692,37
1664,-39724,4
1666,-122213,59
1674,-189589,25
1678,-218104,22
1680,-2898,6
1682,-5354,16
1686,-71417,11
1688,-373,1
1694,-259737,82
1696,-1668,3
1698,-2845,6
1712,-305554,64
1716,-9877,1
1720,-1755,3
1722,-58104,6
1724,-9981,1
1730,-135025,23
1732,-130510,34
1734,-7836,16
1746,-6414,11
1748,-10937,5
1750,-43897,15
1752,-4556,12
1754,-61612,15
1758,-49119,28
1760,-19394,2
1770,-147276,17
1780,-45814,16
1782,-72997,16
1788,-1556,4
1790,-48911,5
1792,-1938,7
1794,-20948,4
1798,-62862,14
1802,-24084,8
1804,-20280,4
1806,-46276,16
1822,-10671,2
1824,-276350,72
1828,-110739,34
1832,-333334,88
1834,-1968,4
1836,-2334,6
1840,-3256,11
1842,-129839,18
1844,-143195,30
1848,-21668,8
1856,-55318,15
1862,-98182,37
1866,-586,2
1868,-43117,15
1876,-71784,11
1878,-14254,10
1880,-189573,21
1890,-99569,13
1900,-191114,27
1904,-77528,23
1910,-197368,20
1914,-3490,12
1924,-1520,4
1926,-541112,57
1928,-80992,10
1932,-10431,20
1938,-14264,16
1942,-217427,75
1946,-468242,94
1948,-5488,7
1950,-108222,11
1954,-42272,8
1956,-205375,49
1964,-103798,16
1968,-5836,8
1970,-87458,28
1972,-367389,44
1974,-252535,39
1980,-9971,1
1982,-19998,2
1984,-33436,10
1986,-1182,3
1990,-11033,3
1994,-10578,2
1996,-83972,32
1998,-169839,40
2002,-4672,8
2004,-1350,2
2018,-39974,30
2026,-481244,68
2030,-66486,32
2032,-61276,12
2036,-87471,33
2044,-288,4
2052,-58646,6
2056,-221387,37
2060,-131899,20
2066,-384032,80
2068,-158168,16
2070,-67703,36
2072,-208959,58
2076,-956,4
2088,-184426,34
2090,-61062,12
2092,-1540,4
2094,-33803,10
2110,-142918,21
2126,-198822,24
2128,-29376,3
2130,-100431,14
2132,-792,1
2134,-40336,25
2144,-408931,86
2148,-120305,21
2162,-172896,34
2168,-977690,143
2178,-561,3
2180,-215240,38
2192,-86988,41
2196,-61704,9
2206,-6392,18
2208,-29973,3
2214,-343528,69
2218,-180148,70
2224,-1352,2
2228,-44234,25
2230,-380,2
2232,-440324,148
2234,-19481,2
2244,-793813,220
2246,-768,9
2248,-214286,39
2250,-150106,23
2252,-8329,19
2256,-88248,23
2264,-13543,7
2266,-173950,31
2270,-62645,14
2272,-226191,23
2274,-59762,6
2278,-298090,36
2280,-106080,21
2284,-202151,31
2294,-23136,12
2298,-40007,5
2302,-188075,19
2304,-28606,15
2306,-1025,7
2308,-101148,19
2310,-81951,13
2314,-386504,103
2316,-90315,13
2318,-1639,5
2320,-42256,10
2322,-9991,1
2332,-29447,3
2334,-141093,23
2340,-321635,47
2348,-171723,26
2350,-78489,9
2354,-42232,9
2356,-59536,6
2358,-386556,50
2362,-2336,4
2364,-25553,15
2366,-266183,47
2368,-92792,24
2370,-142431,40
2372,-125725,47
2374,-165942,37
2380,-137886,15
2384,-342223,46
2388,-17066,26
2390,-825491,120
2392,-106413,28
2396,-141250,19
2402,-339437,83
2410,-245336,55
2416,-53584,11
2422,-104408,22
2424,-15139,39
2428,-88896,9
2430,-314928,64
2432,-34506,16
2434,-140081,21
2440,-232830,67
2442,-477378,78
2444,-30198,9
2452,-119849,12
2454,-2378,6
2456,-120871,16
2458,-74168,20
2460,-43515,15
2462,-300143,42
2466,-13806,28
2468,-38800,4
2474,-167490,17
2476,-12582,5
2478,-393635,64
2482,-134658,23
2484,-115720,54
2486,-443397,80
2498,-37242,16
2500,-40686,6
2504,-99530,12
2508,-204510,61
2510,-77950,8
2516,-27178,14
2518,-88845,24
2520,-211033,27
2522,-279831,48
2524,-177253,38
2530,-130086,21
2532,-195944,20
2540,-12609,19
2542,-4712,8
2552,-473943,105
2556,-172635,76
2558,-185436,32
2562,-189871,19
2572,-150785,38
2578,-87901,41
2582,-19400,2
2584,-2296,4
2586,-97788,10
2594,-112955,19
2598,-99410,12
2614,-164513,31
2616,-59946,6
2622,-279517,37
2626,-86114,28
2628,-154491,30
2630,-340752,62
2636,-134300,24
2638,-122387,51
2644,-120778,16
2648,-61309,10
2658,-154684,26
2660,-19990,2
2662,-87606,20
2664,-14334,25
2666,-96930,10
2668,-133377,57
2672,-15011,26
2674,-10214,20
2676,-87186,24
2680,-542,2
2682,-208552,37
2688,-229401,54
2690,-242575,44
2692,-107397,45
2694,-13652,8
2696,-2380,5
2700,-109486,11
2704,-182333,65
2706,-108244,33
2708,-61436,10
2710,-52028,9
2712,-53987,31
2720,-988981,171
2722,-1154,2
2728,-69017,8
2730,-42496,8
2732,-279694,72
2734,-313185,46
2738,-293022,120
2740,-9998,1
2742,-192365,24
2746,-62202,12
2758,-2596,8
2760,-28082,24
2766,-29955,3
2774,-370,2
2782,-5653,10
2788,-132814,20
2790,-1767,3
2802,-2340,3
2810,-187987,61
2812,-151967,30
2814,-16432,10
2816,-67395,30
2818,-4896,11
2826,-129348,16
2828,-41333,7
2832,-6000,12
2834,-70555,13
2836,-29142,3
2838,-216818,22
2846,-22728,8
2854,-129840,16
2856,-315654,52
2858,-21348,4
2860,-3558,7
2864,-20158,4
2866,-31145,5
2870,-11449,8
2874,-90757,25
2878,-33505,10
2880,-173468,28
2882,-776,4
2884,-31118,10
2888,-30208,5
2894,-138303,30
2898,-9797,1
2902,-35989,16
2904,-137300,37
2906,-61567,11
2908,-72164,14
2910,-776,2
2912,-4916,9
2914,-137438,14
2916,-71918,13
2922,-171161,24
2924,-29988,3
2926,-24687,13
2928,-30772,4
2930,-125468,65
2932,-64136,16
2934,-293334,40
2938,-194979,29
2946,-615362,100
2948,-2171,4
2952,-5899,25
2954,-27591,18
2958,-614012,142
2960,-414413,121
2962,-45518,23
2968,-68666,20
2970,-23078,10
2972,-93381,17
2974,-79112,26
2976,-175864,35
2978,-213126,50
2980,-160786,60
2982,-100148,16
2984,-138322,36
2990,-71546,14
2992,-421156,115
2994,-75468,40
2996,-105199,25
2998,-503714,146
3002,-208248,41
3004,-36995,35
3014,-2937,15
3016,-181452,44
3018,-122710,38
3026,-59970,6
3028,-12432,12
3032,-16603,14
3034,-83703,15
3038,-486,1
3040,-478673,62
3042,-29994,3
3046,-157122,16
3056,-64846,18
3062,-19786,2
3070,-6391,11
3078,-61656,13
3080,-1352,2
3084,-19998,2
3086,-15585,17
3090,-318884,130
3092,-29388,3
3096,-5064,8
3100,-59922,6
3104,-256551,62
3116,-42019,13
3118,-310720,71
3124,-175029,35
3126,-57202,17
3130,-94684,23
3132,-9041,25
3144,-1609,7
3146,-51501,35
3148,-44518,49
3150,-303820,83
3152,-349313,42
3156,-464701,194
3162,-342717,111
3164,-4644,10
3166,-274335,42
3168,-186487,60
3170,-3202,5
3178,-3350,19
3180,-281929,57
3182,-537583,130
3186,-10657,3
3188,-169632,21
3190,-117422,39
3194,-112015,36
3196,-159167,58
3198,-21785,7
3200,-2989,5
3204,-101429,18
3210,-157671,34
3216,-195521,50
3220,-81844,13
3222,-39572,4
3226,-568575,108
3228,-71291,11
3230,-222297,33
3232,-480281,61
3238,-50082,22
3240,-31394,8
3244,-116568,31
3250,-84505,21
3252,-14702,28
3254,-192634,52
3256,-402029,80
3258,-79370,8
3260,-269441,45
3264,-121364,16
3266,-65203,38
3272,-30512,21
3274,-10483,2
3276,-546,7
3284,-60361,11
3286,-822,3
3288,-208196,68
3292,-983051,266
3294,-31998,30
3296,-49995,5
3298,-251059,51
3300,-18867,25
3302,-104326,67
3304,-29885,26
3312,-127003,39
3316,-188734,19
3318,-170900,21
3322,-552191,134
3324,-120957,20
3326,-791,1
3328,-176523,32
3332,-115892,26
3340,-137667,37
3344,-588182,115
3346,-1150,3
3348,-19376,2
3350,-334460,112
3352,-402149,79
3358,-289702,66
3362,-209660,79
3364,-464252,70
3372,-240537,26
3376,-111399,17
3380,-69456,7
3382,-218623,57
3384,-218265,44
3386,-197545,40
3388,-318322,72
3390,-118424,34
3392,-50350,7
3394,-1200,2
3396,-566473,117
3400,-996,2
3402,-208951,82
3404,-679343,236
3406,-100321,39
3408,-184727,31
3410,-41500,8
3412,-2871,7
3416,-20116,4
3418,-4334,7
3420,-225590,38
3424,-418766,114
3426,-41693,36
3430,-39872,5
3436,-111843,16
3440,-1534,4
3442,-112085,35
3444,-585147,141
3446,-210644,44
3448,-103853,20
3450,-389,1
3456,-19992,2
3458,-211451,44
3460,-477,1
3462,-193240,30
3464,-323462,42
3482,-255312,51
3488,-85003,40
3490,-297703,34
3492,-225385,37
3496,-107547,34
3500,-517418,123
3506,-292212,56
3512,-3809,13
3516,-739987,114
3518,-3686,6
3520,-63153,26
3522,-294,1
3524,-341778,43
3530,-199100,40
3532,-123341,23
3534,-335894,51
3538,-526304,130
3542,-1797,3
3546,-47160,23
3556,-9798,1
3560,-62586,11
3564,-128785,13
3566,-9492,12
3568,-258995,65
3572,-116061,26
3576,-264274,61
3578,-337367,67
3580,-82763,16
3584,-79978,25
3594,-9990,1
3600,-701117,153
3602,-12415,20
3604,-776595,114
3614,-33372,11
3620,-6659,19
3626,-358921,85
3628,-1172,2
3632,-23291,7
3636,-71483,10
3638,-3674,6
3640,-102592,19
3642,-19394,2
3644,-149286,31
3646,-93888,16
3648,-106683,30
3650,-319652,55
3652,-42912,10
3656,-48788,19
3658,-32475,14
3664,-9872,1
3666,-30309,4
3668,-4108,7
3670,-118941,32
3682,-488466,79
3684,-215170,40
3686,-5148,8
3690,-94687,26
3692,-361568,143
3694,-95191,31
3696,-126610,45
3698,-13813,21
3700,-23562,13
3702,-68697,23
3704,-62872,14
3706,-613991,106
3708,-792038,132
3710,-63562,14
3712,-286098,29
3714,-8901,32
3716,-39843,4
3718,-170806,52
3724,-121291,37
3726,-76195,34
3728,-73938,20
3732,-93239,16
3738,-1281,3
3742,-163490,30
3744,-72534,13
3750,-71692,13
3754,-470075,139
3756,-330364,43
3760,-112752,19
3762,-19988,2
3764,-125087,24
3766,-141206,20
3768,-544,2
3772,-12493,6
3774,-589454,99
3776,-130526,39
3780,-67073,22
3782,-73900,15
3784,-118453,27
3786,-651253,110
3790,-188231,20
3796,-112901,36
3800,-12284,6
3802,-169602,35
3804,-200520,27
3808,-27948,20
3812,-794,2
3816,-77016,24
3818,-366591,141
3822,-95435,25
3824,-102844,40
3826,-220680,91
3828,-552246,130
3830,-473686,75
3832,-209236,63
3838,-82024,37
3844,-275739,47
3846,-138411,19
3850,-129984,38
3852,-90225,42
3858,-4815,11
3860,-142663,22
3862,-65476,22
3870,-757895,127
3872,-190265,23
3874,-5888,12
3876,-170355,22
3878,-2934,4
3892,-39132,4
3896,-721922,158
3902,-19998,2
3904,-49390,5
3910,-62872,15
3912,-1572,4
3914,-184743,28
3916,-238676,30
3920,-196074,37
3922,-19572,2
3930,-445516,45
3944,-237537,50
3948,-212561,67
3950,-58670,22
3954,-34512,14
3958,-529622,103
3960,-577718,154
3962,-382108,63
3964,-159434,18
3968,-4937,8
3972,-262985,88
3978,-588,1
3980,-255055,54
3982,-100126,17
3984,-172592,43
3986,-297807,65
3988,-99298,27
3990,-302714,100
3992,-30270,5
4002,-421428,54
4004,-424573,76
4008,-64359,21
4020,-347561,82
4022,-684359,174
4024,-374432,54
4030,-566,2
4032,-189648,20
4034,-79316,8
4036,-364045,79
4040,-347988,62
4042,-344871,112
4046,-288492,37
4050,-196076,42
4068,-20714,4
4072,-239802,50
4074,-79511,47
4082,-162208,29
4084,-109992,24
4090,-126696,40
4106,-649988,150
4112,-3115,7
4116,-200079,49
4122,-83885,53
4126,-59730,6
4132,-25455,10
4136,-156738,16
4140,-164609,72
4142,-112830,65
4144,-149406,53
4160,-157954,16
4162,-142363,41
4164,-454824,99
4166,-39766,4
4172,-146086,25
4178,-411252,68
4182,-269897,73
4186,-100607,14
4190,-231328,28
4192,-29740,3
4194,-675,1
4198,-11068,3
4210,-42334,8
4214,-32292,9
4216,-39988,4
4230,-39386,4
4236,-468134,76
4238,-5387,7
4242,-306523,49
4244,-82049,57
4246,-470095,140
4248,-114187,23
4250,-135771,27
4254,-8280,20
4258,-119735,27
4262,-1162,2
4264,-1259,4
4266,-2340,4
4268,-239714,31
4274,-20578,3
4282,-3207,7
4292,-147665,17
4298,-787,1
4306,-20752,4
4314,-269663,57
4320,-20466,3
4322,-75727,21
4326,-12266,6
4332,-69862,7
4336,-140432,16
4344,-49934,5
4348,-331042,39
4350,-52078,9
4354,-68125,20
4356,-960,2
4362,-6953,19
4366,-5015,12
4372,-19596,2
4374,-39964,4
4376,-9464,14
4380,-175771,32
4386,-2361,3
4388,-50385,9
4394,-19644,2
4396,-1556,4
4398,-78184,8
4400,-83394,36
4404,-561,3
4410,-879,3
4416,-138417,21
4418,-40649,27
4420,-795,1
4422,-642137,110
4424,-2762,4
4426,-514093,107
4428,-320313,68
4432,-572218,128
4434,-274810,86
4436,-99258,12
4442,-299187,74
4448,-555686,127
4452,-418131,62
4454,-793638,161
4456,-439179,76
4458,-702671,140
4460,-91677,12
4462,-59560,6
4464,-314709,53
4472,-242251,59
4476,-119002,48
4478,-98302,46
4480,-2361,3
4482,-104051,38
4484,-213477,53
4488,-347918,52
4494,-120544,17
4496,-909436,184
4498,-169269,20
4500,-281368,45
4502,-90244,25
4504,-243113,39
4506,-12889,5
4510,-39741,20
4512,-1144,2
4516,-342428,75
4524,-584577,101
4528,-212960,49
4530,-187863,34
4532,-41367,8
4538,-74036,21
4540,-258662,46
4542,-742421,124
4544,-136208,28
4546,-358518,76
4548,-301297,66
4550,-2804,5
4552,-1174,2
4556,-294943,47
4560,-3532,6
4564,-39764,4
4566,-22994,7
4568,-549849,120
4570,-13936,36
4576,-91766,15
4584,-19352,2
4590,-21823,5
4592,-180856,28
4594,-98906,12
4596,-123396,24
4602,-38011,19
4604,-52133,9
4606,-57609,43
4610,-61674,12
4612,-2465,5
4614,-141708,41
4616,-368379,61
4618,-166534,50
4622,-337582,73
4626,-276168,57
4628,-26714,14
4636,-114271,24
4644,-110018,15
4648,-11219,21
4654,-198885,53
4656,-140174,17
4658,-240182,32
4662,-45788,27
4664,-239063,82
4670,-743664,110
4674,-295764,62
4676,-131023,20
4678,-1519,4
4680,-9699,1
4688,-626947,95
4690,-67689,26
4692,-295171,46
4694,-125992,31
4696,-642027,138
4698,-39594,4
4700,-227679,61
4702,-114618,24
4704,-115452,34
4708,-122763,24
4710,-119822,14
4712,-10673,2
4714,-19962,2
4718,-11526,9
4724,-177940,49
4730,-1216151,189
4732,-465436,82
4734,-30912,7
4742,-337964,91
4746,-570616,104
4748,-1232,5
4750,-234630,52
4760,-56563,18
4764,-1143,3
4766,-112237,19
4770,-471690,74
4774,-110442,15
4776,-51259,8
4778,-117777,28
4780,-161138,43
4788,-19990,2
4794,-22228,8
4798,-9999,1
4800,-52108,15
4804,-49938,28
4812,-29349,3
4818,-11052,3
4822,-3868,12
4828,-1479,3
4830,-95558,101
4836,-165677,51
4838,-149653,65
4846,-34945,10
4848,-116943,45
4850,-217701,57
4860,-2320,8
4862,-20756,4
4864,-23359,9
4866,-323152,85
4868,-29997,3
4872,-21932,8
4876,-191267,44
4878,-165922,61
4880,-341357,55
4882,-68574,49
4888,-45149,15
4892,-59116,49
4894,-9512,18
4898,-346241,58
4900,-63168,25
4908,-156758,30
4910,-207731,42
4912,-39271,5
4916,-3486,6
4922,-145692,29
4926,-9992,1
4928,-209441,42
4934,-478625,88
4936,-225697,56
4938,-84312,57
4942,-4056,6
4944,-250070,45
4946,-5306,18
4948,-99012,14
4958,-135802,28
4960,-471372,59
4966,-433271,93
4968,-388389,81
4970,-11322,18
4972,-152138,28
4976,-138734,18
4978,-1357937,282
4984,-194183,36
4990,-244414,57
4996,-74548,33
4998,-76983,44
5000,-108884,11
5002,-1148267,179
5004,-69755,23
5010,-119200,32
5014,-152848,27
5022,-146569,35
5024,-296389,68
5026,-167792,17
5030,-284706,68
5032,-256344,45
5034,-710234,162
5038,-205323,36
5040,-429558,112
5048,-31658,9
5056,-59855,6
5064,-19972,2
5066,-520518,120
5068,-641504,118
5072,-132780,21
5076,-155120,32
5078,-49279,5
5080,-424388,104
5082,-3080,7
5090,-115100,41
5094,-29764,3
5098,-69777,48
5100,-183472,32
5104,-156425,64
5108,-418266,63
5114,-99652,15
5116,-2110,4
5118,-5781,13
5120,-286019,70
5122,-21576,4
5128,-6764,15
5132,-49329,26
5134,-106071,25
5136,-138580,39
5140,-239934,52
5142,-14420,11
5144,-61589,10
5148,-30734,5
5150,-3157,7
5164,-39554,4
5168,-273289,78
5170,-66383,29
5172,-1396,7
5182,-519168,90
5184,-344552,117
5190,-792986,171
5198,-712,4
5202,-41980,8
5204,-103990,25
5208,-88890,58
5210,-222216,59
5212,-84037,20
5214,-20548,4
5218,-1379,3
5220,-177945,36
5222,-136514,32
5224,-30959,5
5226,-33441,11
5228,-305830,46
5232,-262785,61
5234,-266063,99
5238,-425753,79
5240,-222452,52
5242,-121895,20
5244,-3522,6
5248,-44209,12
5254,-89603,11
5256,-247971,48
5258,-262969,38
5262,-2025,3
5264,-29913,3
5268,-3182,11
5270,-71174,11
5272,-19762,2
5274,-61886,10
5276,-73502,19
5280,-113365,19
5282,-121164,16
5288,-3438,6
5290,-253588,35
5300,-478904,87
5304,-242080,40
5308,-368374,89
5312,-19587,2
5316,-34162,16
5318,-78536,26
5326,-197668,40
5330,-90585,13
5332,-54965,37
5338,-978,2
5342,-42650,19
5344,-17864,20
5346,-50227,17
5352,-79092,25
5354,-10795,20
5356,-6174,12
5358,-92478,17
5374,-19362,2
5382,-35228,16
5384,-2368,4
5390,-40773,24
5394,-15606,9
5398,-475577,133
5404,-519983,108
5408,-19776,2
5414,-246640,25
5416,-330631,108
5418,-178474,31
5420,-199918,26
5422,-185705,21
5424,-123200,40
5428,-307777,57
5432,-140351,18
5434,-23252,10
5438,-128399,44
5444,-47978,20
5446,-21382,32
5452,-65353,17
5456,-118264,30
5460,-11462,3
5462,-1190,2
5468,-571611,118
5472,-717393,130
5474,-277371,60
5478,-45286,15
5482,-1584,2
5486,-156943,19
5488,-855,3
5492,-151400,23
5494,-643422,113
5498,-19972,2
5500,-39560,4
5502,-1981,5
5508,-69139,7
5514,-222413,62
5520,-536710,132
5528,-173230,28
5532,-213409,34
5536,-1592,8
5544,-34346,11
5554,-113756,23
5558,-144241,29
5564,-210828,70
5574,-1638,6
5576,-61365,9
5578,-219716,46
5580,-249387,46
5582,-39244,4
5584,-275549,157
5588,-37039,15
5590,-21166,8
5594,-177716,18
5598,-18603,16
5600,-1168,2
5604,-64404,19
5610,-49827,7
5616,-663418,183
5618,-68408,24
5620,-203649,34
5632,-190925,41
5634,-744,2
5644,-32232,9
5646,-73573,40
5648,-188168,20
5650,-72414,13
5652,-120447,19
5654,-4200,10
5658,-322332,66
5662,-136414,32
5666,-2004957,371
5670,-29042,3
5672,-39968,4
5680,-96034,22
5682,-256989,71
5686,-19542,2
5692,-86984,24
5696,-58621,27
5700,-234770,38
5704,-129687,14
5708,-579520,112
5710,-155318,34
5712,-64235,25
5714,-444865,67
5718,-2930,5
5720,-706833,135
5722,-474428,69
5724,-29010,3
5726,-60161,32
5728,-323682,47
5730,-21160,4
5732,-1194,2
5734,-232265,71
5744,-264790,45
5746,-1152485,251
5752,-143960,39
5754,-180099,22
5758,-84014,17
5760,-2612,8
5762,-97751,31
5764,-109590,12
5766,-75100,40
5770,-109803,13
5772,-428427,139
5776,-3074,7
5780,-12398,6
5784,-19786,2
5786,-22362,7
5792,-72815,29
5796,-83456,18
5800,-163763,30
5808,-116047,28
5812,-126992,24
5814,-82122,19
5816,-568869,98
5818,-419354,117
5822,-2364,6
5824,-555696,157
5826,-139477,14
5830,-247721,106
5832,-4425,9
5834,-814999,151
5840,-84654,24
5842,-462582,66
5846,-573065,145
5848,-2722,5
5850,-155907,29
5858,-179589,24
5862,-523536,79
5866,-315691,51
5870,-96125,28
5872,-59352,6
5874,-6708,15
5876,-501476,92
5882,-170329,21
5884,-160465,26
5886,-420217,59
5892,-285918,51
5896,-212762,33
5898,-198566,21
5900,-454340,71
5902,-21834,7
5904,-11193,17
5908,-21500,6
5912,-131844,23
5918,-1172,2
5920,-39100,5
5924,-19970,2
5926,-144285,25
5932,-141627,43
5934,-371367,65
5938,-158352,38
5942,-261512,73
5946,-45470,27
5952,-9788,1
5954,-226144,25
5956,-59418,7
5958,-278544,72
5964,-242197,34
5966,-74023,15
5974,-262502,50
5976,-61620,13
5978,-40951,9
5984,-675,1
5992,-121774,32
6004,-97326,26
6006,-166886,31
6008,-80970,14
6010,-41652,10
6012,-188225,41
6016,-9887,1
6020,-70474,9
6024,-23257,13
6028,-676,1
6032,-43983,17
6036,-5495,7
6040,-2754,14
6044,-815063,175
6046,-19566,2
6054,-98665,26
6064,-269739,54
6066,-265461,102
6068,-743327,162
6070,-60448,13
6072,-226002,40
6074,-123200,44
6076,-774,4
6082,-116328,23
6098,-84325,20
6100,-172957,23
6102,-20954,4
6104,-947962,188
6106,-35237,15
6112,-232279,37
6116,-1190641,252
6120,-228139,101
6124,-41476,110
6126,-49963,8
6128,-590079,92
6132,-3884,7
6134,-394878,59
6136,-253191,59
6138,-34928,16
6142,-206063,44
6146,-313460,50
6148,-401120,98
6154,-45488,33
6156,-40124,6
6160,-106331,67
6168,-221940,71
6170,-115374,29
6172,-7850,13
6176,-29335,3
6178,-302742,45
6180,-31115,8
6182,-27999,16
6184,-173899,71
6190,-141640,20
6196,-19786,2
6200,-60160,9
6204,-400,4
6206,-22707,8
6210,-309592,38
6212,-47533,22
6214,-111092,19
6218,-242925,72
6220,-151159,27
6224,-248613,58
6230,-20635,4
6232,-40710,7
6234,-14265,9
6236,-26086,20
6242,-279401,52
6244,-19821,18
6248,-131455,16
6252,-184214,46
6254,-231292,28
6262,-19970,2
6268,-81042,10
6276,-19948,2
6278,-29503,17
6282,-59125,19
6288,-53618,28
6290,-78713,9
6292,-165658,34
6296,-46041,21
6302,-63952,14
6304,-40286,6
6306,-15342,11
6312,-7383,13
6316,-41472,8
6320,-233041,43
6322,-159937,23
6332,-34116,11
6338,-11528,7
6344,-180088,26
6348,-339734,112
6352,-20540,6
6356,-46554,17
6362,-185488,48
6366,-11948,4
6368,-168770,18
6370,-82468,14
6372,-10000,1
6374,-178867,19
6376,-199431,43
6382,-244016,37
6386,-180330,38
6390,-30389,5
6392,-377174,115
6394,-64211,18
6396,-787,1
6406,-291170,70
6408,-30588,5
6410,-204223,34
6412,-186314,38
6420,-166843,66
6424,-196418,40
6426,-495538,123
6428,-184806,50
6430,-308130,53
6438,-29949,3
6446,-579,1
6454,-39948,4
6456,-73842,15
6458,-284636,57
6460,-1736,4
6462,-20000,2
6464,-12412,5
6466,-43180,28
6474,-61156,12
6476,-3929,9
6478,-281137,51
6480,-227733,28
6484,-119726,12
6488,-90272,14
6492,-133174,44
6496,-23201,7
6504,-6600,12
6506,-57490,21
6508,-25096,10
6518,-1476,3
6524,-21910,50
6532,-2525,9
6534,-73401,15
6540,-196018,52
6544,-432017,97
6546,-56070,17
6550,-20163,52
6552,-5136,14
6554,-744287,163
6562,-9780,1
6564,-20805,37
6566,-115013,24
6572,-50567,6
6574,-133800,40
6578,-1972,4
6584,-436036,61
6592,-35945,14
6594,-3813,6
6596,-46793,15
6598,-30343,4
6600,-111657,77
6604,-79622,10
6610,-117390,12
6620,-978305,208
6624,-102026,79
6626,-236762,77
6628,-34990,11
6630,-5826,22
6636,-381363,105
6642,-19379,2
6646,-106493,25
6648,-65815,16
6650,-271297,70
6652,-29997,3
6654,-10270,3
6656,-164226,49
6660,-282269,99
6662,-134489,28
6666,-32964,9
6668,-76013,44
6670,-1580,2
6678,-70101,11
6680,-81448,12
6682,-216702,57
6686,-1454,6
6694,-92673,32
6696,-62436,14
6702,-308951,55
6708,-63281,14
6710,-677,1
6714,-357255,68
6716,-319437,53
6720,-237440,52
6722,-331441,104
6728,-360280,58
6730,-278892,60
6736,-95908,22
6738,-257382,46
6740,-30475,4
6748,-42690,19
6750,-2344,4
6754,-44616,12
6756,-1152,2
6760,-92651,29
6762,-19982,2
6768,-2358,6
6770,-32158,7
6772,-10160,16
6774,-376900,64
6778,-232579,81
6784,-15416,12
6788,-35640,11
6790,-69356,11
6798,-1049338,169
6800,-109653,16
6802,-595481,120
6806,-9986,1
6808,-786,2
6820,-143307,25
6822,-59535,6
6824,-93412,21
6826,-39884,4
6828,-50081,7
6830,-180552,22
6838,-34954,18
6840,-174644,76
6844,-210323,47
6856,-119668,12
6858,-147523,58
6862,-149591,21
6872,-235391,49
6874,-6517,18
6876,-34436,36
6880,-282877,46
6882,-1070,2
6886,-11079,24
6890,-214042,133
6894,-254192,107
6896,-74532,20
6898,-20167,3
6902,-252377,51
6904,-5562,17
6906,-57992,27
6916,-63409,35
6920,-614236,119
6922,-56420,16
6924,-247769,31
6926,-79040,8
6928,-29400,3
6930,-1805,5
6932,-58842,6
6942,-11883,8
6944,-103146,16
6950,-571142,155
6956,-574001,133
6960,-22551,7
6964,-149785,15
6966,-109035,11
6970,-266512,46
6972,-37418,23
6978,-159034,19
6980,-164579,31
6982,-733245,202
6984,-10730,3
6990,-5698,10
6992,-73151,53
6994,-130706,45
6996,-176817,33
6998,-29918,3
7004,-3156,4
7008,-284,1
7010,-62663,42
7020,-48561,5
7022,-108570,81
7026,-29331,3
7028,-984,2
7032,-82019,12
7034,-89231,11
7038,-30517,9
7040,-89978,26
7042,-3935,5
7044,-67796,22
7046,-12399,7
7056,-4439,11
7060,-388605,114
7062,-250653,88
7066,-13105,15
7068,-1188,4
7070,-131249,21
7072,-3486,6
7078,-4056,6
7084,-272969,58
7086,-10300,2
7088,-349303,85
7094,-107899,71
7096,-166912,34
7098,-1142,4
7100,-29994,3
7102,-156298,28
7106,-64804,14
7108,-67410,21
7114,-131487,26
7116,-677058,104
7122,-20542,4
7126,-113210,22
7134,-42556,14
7144,-200984,79
7156,-123481,33
7158,-90905,11
7160,-287540,57
7162,-365754,55
7164,-888312,104
7166,-389425,107
7168,-140744,21
7170,-1730,7
7176,-1120,4
7178,-342012,69
7184,-478,1
7186,-230264,29
7190,-67124,22
7192,-21131,6
7198,-22836,10
7202,-461138,96
7204,-5920,26
7208,-138484,14
7216,-303770,57
7218,-172949,32
7220,-322346,67
7222,-84040,60
7230,-206340,42
7232,-61482,12
7236,-79772,8
7240,-11343,21
7242,-214772,46
7244,-207419,41
7250,-126336,24
7252,-4464,7
7254,-62430,12
7256,-960,2
7258,-2946,6
7260,-79976,8
7262,-42946,8
7266,-304424,64
7270,-54664,31
7272,-462544,109
7274,-1770,3
7278,-211911,29
7280,-25644,12
7282,-198998,42
7288,-23416,8
7292,-243156,58
7294,-76819,46
7300,-61302,10
7310,-32394,10
7312,-48794,5
7314,-91305,13
7318,-34620,12
7324,-9890,1
7326,-42644,9
7332,-54337,19
7334,-10066,2
7338,-95170,22
7340,-29667,3
7342,-9681,1
7346,-22749,8
7348,-9994,1
7350,-5372,11
7354,-51816,58
7356,-38712,4
7360,-3713,7
7370,-806430,153
7372,-263663,42
7382,-224411,34
7384,-114569,49
7388,-475,1
7390,-12550,28
7392,-35935,17
7402,-169077,47
7412,-183131,50
7416,-288952,33
7418,-95185,20
7420,-264405,43
7422,-261871,40
7426,-26492,21
7428,-182113,81
7430,-369783,58
7432,-113924,24
7434,-1662,6
7440,-141725,21
7446,-265543,56
7450,-11225,4
7452,-172021,69
7458,-40514,7
7460,-21564,13
7466,-51072,27
7468,-40682,30
7476,-187636,56
7478,-1143,3
7480,-297989,33
7484,-157448,33
7486,-211694,46
7488,-20380,4
7490,-455341,91
7500,-544797,97
7502,-85630,30
7504,-72203,11
7516,-731488,105
7518,-161599,27
7520,-63481,15
7522,-80084,14
7524,-108267,42
7532,-737080,145
7534,-125819,42
7536,-414733,101
7540,-247894,51
7544,-192234,41
7548,-27158,25
7550,-408890,94
7552,-91368,49
7556,-145449,29
7566,-455785,86
7568,-125270,25
7570,-684021,130
7572,-3945,5
7574,-218499,43
7576,-2148,5
7578,-9873,1
7588,-9333,19
7590,-114289,23
7592,-29539,3
7594,-228011,65
7606,-153538,25
7610,-178510,40
7612,-303508,50
7616,-149171,15
7618,-71944,12
7620,-150674,17
7624,-1180,4
7630,-34113,15
7632,-49327,5
7634,-180454,39
7636,-20544,6
7640,-12782,6
7642,-161944,36
7644,-110321,34
7646,-457893,113
7656,-419443,50
7658,-29610,3
7664,-660807,80
7666,-71594,29
7670,-99632,35
7672,-174040,29
7674,-10481,25
7676,-20911,9
7678,-390,2
7686,-5544,7
7688,-137968,15
7702,-54925,19
7706,-55491,17
7708,-25368,12
7712,-41954,12
7714,-237023,43
7722,-62000,12
7724,-269000,68
7730,-23706,8
7732,-186766,42
7734,-366,2
7736,-9693,1
7738,-30567,9
7740,-39538,4
7742,-173878,47
7746,-123804,41
7754,-391,2
7756,-8628,12
7762,-2360,4
7764,-1160,4
7770,-329239,80
7776,-501080,85
7778,-1964,4
7788,-26820,11
7794,-113968,37
7796,-4686,9
7800,-79238,8
7802,-94080,22
7804,-137716,44
7808,-20456,3
7812,-23215,13
7822,-520774,142
7824,-238980,49
7826,-198116,41
7828,-223395,53
7830,-52911,24
7832,-39904,4
7834,-534191,89
7838,-226037,42
7840,-55306,21
7844,-201453,29
7846,-477838,105
7848,-3629,6
7852,-265982,60
7854,-113808,46
7856,-203514,36
7862,-63827,14
7864,-41528,6
7870,-39564,4
7880,-2107,4
7882,-548594,92
7886,-232893,36
7888,-21868,22
7892,-677,1
7896,-52531,12
7906,-41165,11
7908,-1746,3
7910,-91657,35
7912,-87606,26
7914,-169170,61
7918,-303533,61
7920,-3692,6
7932,-49862,5
7934,-340052,73
7938,-2102,4
7940,-16175,12
7942,-100607,14
7944,-29010,3
7946,-39996,4
7950,-249041,144
7956,-392614,123
7958,-190743,27
7960,-20377,47
7962,-813383,160
7968,-539892,121
7974,-150222,34
7976,-87363,38
7978,-31056,10
7982,-26981,15
7990,-89535,12
7998,-634313,177
8000,-352949,43
8002,-320111,81
8004,-265851,43
8006,-34546,10
8014,-212416,46
8016,-788,1
8018,-119852,13
8020,-8624,11
8022,-58698,6
8024,-22375,7
8030,-308207,34
8032,-87824,26
8036,-48235,19
8038,-2174,3
8040,-205056,30
8048,-81560,32
8050,-6426,16
8052,-168834,56
8060,-9692,1
8062,-2918,10
8066,-531930,96
8080,-133635,23
8082,-175184,27
8084,-293767,55
8086,-157767,18
8088,-59322,9
8092,-2836,8
8098,-118166,37
8100,-576,3
8102,-26492,16
8104,-9450,14
8106,-71421,14
8108,-77571,21
8110,-1232,3
8114,-124908,25
8118,-697935,130
8120,-64419,15
8122,-19780,2
8124,-4292,8
8128,-305296,67
8130,-125743,24
8136,-31593,26
8142,-222217,35
8146,-864,3
8154,-855,5
8156,-161639,21
8158,-22930,7
8160,-66408,16
8162,-42628,10
8166,-14173,9
8172,-21024,4
8176,-134563,25
8178,-594,2
8180,-21864,6
8184,-25395,17
8196,-38980,4
8204,-429478,103
8206,-270542,52
8218,-146488,33
8238,-4038,9
8240,-260798,51
8242,-22638,12
8246,-49732,5
8248,-424808,150
8266,-219856,45
8268,-132115,51
8272,-33421,8
8274,-43527,12
8284,-302054,86
8288,-178244,18
8290,-778,2
8294,-2706,4
8300,-57307,22
8310,-22118,10
8314,-41393,7
8316,-33996,71
8328,-573,3
8330,-982,2
8332,-790,2
8342,-79917,48
8344,-67925,28
8346,-55019,30
8352,-200510,31
8354,-288393,55
8358,-34710,11
8364,-59625,47
8366,-2765,7
8386,-129490,15
8392,-47296,24
8394,-404130,117
8396,-423040,56
8398,-228480,50
8402,-10751,5
8406,-1496,8
8412,-2504,9
8414,-40561,5
8418,-25484,30
8424,-40070,6
8426,-29082,3
8432,-1758,9
8434,-75572,19
8444,-236679,39
8448,-3942,9
8450,-79600,10
8452,-1068,6
8454,-3546,6
8458,-3116,5
8462,-229111,23
8466,-119593,14
8468,-65797,37
8470,-19984,2
8472,-81266,16
8478,-3552,6
8480,-296507,76
8482,-103938,61
8484,-39132,4
8488,-31746,22
8492,-18726,19
8496,-21744,6
8498,-1142,2
8500,-9976,1
8502,-253000,69
8506,-106513,47
8508,-382,1
8510,-214556,64
8514,-462295,98
8520,-104821,25
8522,-32741,10
8524,-2428,4
8528,-101524,31
8534,-19792,2
8536,-122770,22
8542,-33757,34
8548,-424571,67
8550,-23431,10
8554,-22594,48
8558,-284549,85
8566,-35520,38
8570,-51796,9
8574,-211686,28
8580,-204487,34
8592,-42376,8
8594,-82846,31
8596,-38268,21
8598,-221557,29
8600,-117132,12
8604,-9774,1
8620,-183074,47
8622,-502666,113
8624,-300209,52
8626,-48845,5
8630,-39892,4
8632,-45197,18
8636,-122243,36
8640,-88577,29
8646,-193534,37
8648,-1150,2
8650,-168812,21
8654,-311717,43
8660,-117924,55
8662,-1686,6
8664,-90449,35
8670,-392401,66
8676,-104280,22
8678,-255356,39
8682,-5516,7
8684,-282448,60
8686,-4398,10
8688,-1422,3
8690,-59716,6
8692,-13667,16
8696,-159447,20
8698,-267071,47
8702,-91421,14
8704,-99886,10
8706,-42248,10
8708,-79165,27
8712,-323962,42
8714,-203638,35
8716,-1921,7
8722,-188396,55
8726,-148944,38
8728,-209587,44
8730,-50466,7
8736,-8932,18
8742,-130537,44
8744,-27627,17
8746,-74256,21
8748,-295269,74
8750,-58615,18
8754,-142,2
8760,-31207,8
8766,-30834,6
8774,-8892,21
8778,-163238,28
8782,-357998,73
8786,-142333,44
8790,-71867,42
8794,-6223,22
8796,-1190,4
8798,-110602,37
8800,-414021,135
8804,-111850,15
8806,-531880,88
8810,-206226,115
8812,-164965,68
8828,-247090,56
8830,-227506,57
8838,-66262,31
8840,-191975,25
8842,-13444,41
8844,-31105,36
8848,-84488,35
8850,-70,1
8852,-1184,2
8854,-43951,54
8856,-6365,16
8858,-15073,22
8862,-229214,28
8866,-1341259,239
8876,-119887,39
8878,-238826,82
8884,-54329,16
8888,-306646,83
8892,-215767,80
8894,-295117,137
8896,-217152,52
8900,-55181,41
8902,-515785,145
8904,-2328,4
8908,-39970,4
8910,-531466,163
8912,-238733,49
8916,-228214,60
8918,-549366,134
8920,-1195810,236
8922,-616831,137
8924,-327420,65
8926,-70807,44
8932,-120750,34
8934,-45749,12
8936,-65514,15
8940,-82607,19
8942,-361413,64
8944,-105286,27
8950,-1148,2
8956,-199875,22
8958,-166207,38
8962,-786,2
8966,-29750,3
8968,-82606,14
8970,-7137,23
8978,-143101,25
8982,-315495,59
8984,-290101,85
8986,-1446,3
8990,-46004,27
9006,-187,1
9008,-534408,170
9018,-293748,39
9022,-99990,10
9030,-40013,6
9036,-128102,13
9040,-227508,44
9042,-276443,30
9052,-88664,37
9054,-137481,35
9056,-19562,2
9076,-130355,37
9080,-321185,61
9084,-9171,26
9086,-73355,18
9088,-117941,27
9090,-211417,29
9092,-89765,9
9094,-34627,14
9100,-1182,3
9104,-43340,13
9106,-1467,3
9108,-10564,27
9124,-131945,26
9128,-1900,10
9130,-85210,18
9136,-29878,3
9138,-148346,22
9140,-19746,2
9144,-87454,22
9146,-53308,12
9148,-35231,14
9152,-87110,25
9156,-259235,48
9160,-97820,10
9162,-100366,14
9164,-124246,28
9166,-23072,13
9170,-85967,26
9172,-19968,2
9176,-3524,7
9180,-22700,50
9182,-558,3
9190,-47094,18
9192,-170822,24
9194,-2271,3
9208,-157426,31
9212,-11354,5
9222,-90123,12
9224,-1049704,179
9226,-164104,83
9228,-728234,190
9232,-38684,4
9236,-221507,28
9242,-158296,16
9244,-419702,51
9246,-39960,4
9254,-778098,196
9256,-583974,137
9258,-640913,141
9260,-588990,139
9262,-146932,26
9264,-404186,63
9266,-9872,1
9268,-146798,31
9270,-89767,9
9272,-134740,27
9276,-29034,3
9282,-229811,29
9284,-135261,28
9286,-39992,4
9288,-111879,19
9292,-82460,15
9294,-42654,45
9296,-79019,10
9300,-121581,37
9302,-312146,87
9306,-59929,10
9308,-286297,69
9310,-158318,35
9312,-48724,5
9318,-131038,19
9324,-89674,38
9330,-152903,45
9334,-99910,10
9336,-289076,41
9342,-7456,26
9344,-91975,14
9346,-384132,121
9354,-49375,5
9356,-190710,49
9358,-386672,109
9360,-25419,15
9366,-121472,37
9370,-61679,13
9372,-159872,16
9374,-30000,3
9380,-197433,41
9382,-37503,18
9384,-31402,9
9392,-3912,15
9394,-81846,16
9402,-253874,80
9406,-85767,23
9412,-217435,23
9414,-292573,54
9416,-300216,37
9422,-74207,57
9424,-371112,108
9430,-300458,53
9432,-415535,68
9442,-2762,5
9446,-72873,11
9448,-91359,18
9452,-128521,13
9454,-81792,12
9456,-310755,67
9460,-39486,4
9462,-68187,7
9470,-336701,58
9472,-53460,11
9476,-46057,15
9478,-673726,103
9480,-19584,2
9482,-334788,69
9484,-186732,51
9490,-146368,29
9492,-68451,7
9494,-118653,12
9500,-3160236,365
9504,-81496,12
9510,-169115,17
9512,-69519,21
9516,-77711,24
9518,-80445,28
9522,-297301,55
9530,-134403,70
9534,-47261,21
9540,-206604,21
9544,-275383,41
9548,-548011,110
9550,-351429,52
9554,-217418,24
9558,-220598,31
9560,-573655,74
9562,-102958,18
9564,-6780,12
9568,-63827,19
9570,-337766,56
9572,-706763,115
9576,-394,2
9578,-233809,30
9582,-399516,66
9594,-120334,15
9596,-19984,2
9598,-141329,35
9600,-59970,6
9602,-45642,66
9606,-300978,46
9608,-83301,16
9610,-286039,83
9612,-49116,5
9614,-558744,116
9616,-135043,22
9618,-2614,4
9620,-65768,26
9626,-1164,4
9628,-191588,50
9630,-83894,17
9632,-45395,16
9634,-446072,175
9636,-379911,112
9640,-566135,135
9646,-292348,142
9648,-10923,3
9650,-343382,54
9652,-189835,19
9654,-221118,44
9656,-127618,41
9658,-259842,70
9660,-379813,84
9662,-579920,110
9664,-221833,55
9666,-87800,9
9670,-1530,4
9672,-20579,5
9676,-266474,42
9678,-265443,76
9682,-242269,55
9684,-90093,50
9688,-217037,55
9694,-45847,14
9696,-22348,6
9700,-64492,15
9702,-434214,100
9704,-410472,124
9706,-242627,38
9708,-330715,78
9716,-29966,3
9718,-38215,47
9722,-84302,19
9724,-458432,50
9726,-125715,59
9728,-99873,15
9730,-114571,22
9732,-106064,25
9734,-291446,44
9738,-99027,10
9740,-43102,16
9744,-177288,29
9748,-114238,25
9750,-149115,37
9752,-4740,10
9754,-126001,30
9756,-108344,26
9758,-157462,32
9760,-396979,113
9768,-128006,18
9772,-748053,167
9774,-89059,42
9782,-396011,125
9788,-71900,44
9790,-75405,19
9792,-240788,31
9796,-145479,49
9798,-5442,10
9800,-168268,58
9802,-454719,94
9808,-75651,17
9810,-7040,17
9812,-60342,26
9814,-34331,11
9816,-57194,73
9818,-220356,59
9824,-14369,9
9826,-65824,20
9828,-90041,49
9832,-289480,37
9834,-558431,70
9836,-51048,12
9840,-15148,40
9842,-88181,24
9846,-7559,19
9850,-98978,10
9852,-86665,24
9854,-72351,21
9856,-128441,37
9858,-380399,62
9860,-476017,73
9864,-630,9
9866,-372117,114
9876,-63204,14
9882,-340900,67
9914,-321476,77
9924,-587141,210
9930,-245340,60
9954,-89079,9
9956,-109989,11
9960,-49674,9
9962,-318064,35
9970,-556,2
9972,-789,1
9974,-62215,13
9978,-139695,15
9980,-19997,2
9986,-92056,20
9996,-1172,6
9998,-268443,45
10004,-7714,16
10008,-43883,13
10012,-37491,23
10014,-84547,17
10016,-296202,63
10018,-64986,15
10024,-160772,31
10028,-168604,33
10030,-41747,9
10034,-242329,38
10036,-747390,189
10038,-6965,18
10042,-404622,58
10046,-119436,12
10048,-25075,11
10050,-792622,185
10054,-676176,93
10056,-101949,17
10060,-445189,91
10062,-223863,71
10064,-299698,56
10066,-16807,39
10076,-33394,11
10080,-179919,59
10084,-50967,27
10086,-1966,4
10090,-323495,84
10092,-210420,48
10094,-5720,12
10100,-167808,17
10102,-85063,20
10112,-273,1
10116,-960,2
10124,-22003,5
10130,-9799,1
10134,-1920,4
10144,-218769,27
10146,-90156,10
10152,-24172,12
10154,-27215,17
10160,-471841,114
10166,-10676,2
10170,-197870,39
10172,-85918,25
10174,-153356,41
10176,-956,2
10182,-160234,53
10184,-206391,46
10200,-21762,7
10202,-442358,79
10204,-130641,35
10206,-68707,19
10212,-409556,97
10214,-604910,137
10216,-61439,11
10220,-3159,6
10222,-180519,40
10224,-274,1
10228,-75752,26
10234,-89337,11
10238,-281283,40
10244,-770579,120
10250,-200759,49
10254,-86053,40
10258,-274277,71
10264,-68588,27
10266,-312160,67
10270,-59322,6
10276,-6710,13
10278,-115304,28
10280,-23922,11
10282,-82797,16
10284,-66480,26
10286,-1863,9
10292,-21896,6
10298,-8751,22
10300,-116274,23
10302,-27861,24
10306,-4466,9
10308,-6351,15
10310,-568,2
10312,-6095,11
10314,-891,7
10316,-196608,20
10318,-90653,12
10320,-19984,2
10322,-39096,4
10326,-360083,86
10328,-134013,118
10330,-157880,20
10336,-51405,9
10342,-2472,8
10348,-21084,8
10356,-79632,8
10360,-326488,100
10362,-979199,185
10364,-19563,2
10368,-60512,7
10370,-11322,33
10372,-170496,41
10374,-20667,3
10382,-19982,2
10386,-29634,3
10396,-166157,32
10400,-119738,32
10412,-8540,13
10414,-209501,38
10418,-81653,13
10420,-103858,21
10422,-163429,25
10428,-1734,4
10430,-789,1
10432,-1282,6
10434,-728,4
10436,-1445,3
10440,-11406,7
10442,-19400,2
10444,-50457,9
10446,-48458,5
10448,-145557,34
10450,-8162,14
10452,-774,2
10454,-79130,10
10456,-2694,5
10460,-76909,24
10462,-24691,13
10466,-427234,51
10468,-161819,22
10472,-169076,33
10474,-175075,31
10478,-9685,1
10480,-297463,82
10492,-33462,12
10494,-9697,1
10502,-70690,9
10504,-39948,4
10510,-273869,42
10512,-75326,16
10516,-61620,10
10520,-73466,14
10522,-370849,48
10524,-23876,9
10526,-56801,19
10528,-9795,1
10530,-278,1
10532,-91175,15
10536,-132135,24
10540,-84943,17
10542,-194611,62
10544,-9988,1
10546,-97898,10
10550,-8076,16
10558,-230425,61
10560,-280792,35
10574,-987079,140
10576,-363742,48
10586,-368764,85
10592,-119346,12
10594,-348465,40
10596,-163414,52
10600,-46828,16
10602,-125937,25
10604,-145908,51
10606,-140776,53
10610,-46841,34
10612,-42201,13
10614,-575489,115
10616,-389755,63
10620,-404455,69
10622,-530624,109
10624,-40086,6
10626,-108574,13
10628,-362400,73
10636,-94136,22
10640,-380,2
10642,-47522,22
10644,-47433,21
10646,-35576,12
10648,-316945,53
10650,-39992,4
10658,-21019,6
10662,-544953,97
10676,-949,2
10680,-232656,35
10682,-44770,14
10686,-201454,28
10688,-39546,4
10694,-379831,42
10696,-97204,28
10700,-487326,79
10706,-141188,59
10708,-167072,32
10714,-35522,17
10716,-4532,8
10718,-140449,46
10720,-387221,65
10722,-10282,3
10728,-173130,25
10732,-33889,11
10736,-142471,24
10740,-420764,93
10744,-456611,116
10750,-191114,28
10762,-22154,6
10764,-181982,26
10768,-155036,28
10774,-69769,9
10776,-134101,39
10778,-60770,8
10780,-39996,4
10782,-190652,31
10796,-2384,4
10802,-42686,10
10804,-2879,5
10806,-6770,10
10808,-124501,21
10810,-31700,6
10816,-346246,49
10818,-127287,13
10820,-149265,35
10824,-597,1
10826,-141930,39
10830,-203057,43
10840,-148460,32
10844,-77764,23
10848,-29994,3
10850,-384597,87
10852,-189119,19
10854,-101810,18
10858,-55853,16
10860,-23519,7
10864,-55166,17
10866,-132666,19
10868,-32806,8
10874,-206997,65
10878,-59726,6
10880,-955,5
10888,-636394,88
10890,-52017,13
10892,-100598,13
10894,-2552,6
10902,-343564,64
10904,-1979,7
10906,-237743,80
10910,-115652,29
10914,-146576,33
10916,-80412,29
10924,-1950,4
10926,-112434,23
10928,-79813,13
10936,-51612,9
10938,-333176,100
10940,-411527,107
10942,-39735,4
10948,-247607,49
10952,-150507,19
10954,-70517,8
10956,-664541,113
10962,-116967,29
10964,-171325,21
10966,-24068,9
10968,-6545,11
10972,-187680,21
10976,-48500,5
10982,-39144,4
10988,-39996,4
10998,-1000,2
11000,-40758,6
11010,-228497,28
11014,-120502,18
11020,-256345,45
11024,-252559,56
11026,-10774,23
11028,-43187,31
11032,-4147,7
11034,-748,2
11036,-2012,6
11038,-4565,10
11040,-6846,13
11042,-80656,12
11048,-3546,5
11050,-4800,8
11056,-209153,55
11058,-29922,3
11062,-163183,31
11072,-3911,10
11078,-4349,7
11080,-9789,1
11088,-31622,7
11096,-82184,15
11106,-130078,15
11108,-4430,8
11110,-117765,46
11112,-5041,21
11114,-1572,2
11126,-42510,8
11128,-171570,51
11132,-39904,4
11136,-40227,5
11140,-88083,9
11144,-1140,2
11148,-9788,1
11150,-41838,15
11152,-99432,12
11156,-742,4
11158,-30118,7
11160,-29997,3
11164,-12382,6
11168,-2380,4
11172,-19752,2
11174,-111894,24
11176,-16777,10
11178,-11592,8
11184,-561,3
11190,-131799,34
11192,-110903,13
11228,-142505,28
11234,-91782,27
11238,-7084,9
11242,-169470,65
11244,-427289,111
11246,-21852,5
11248,-78904,8
11254,-1254,4
11258,-14855,23
11260,-337228,90
11264,-186286,40
11270,-375292,105
11274,-144464,22
11278,-41432,10
11280,-90587,17
11282,-2900,6
11284,-80884,37
11286,-11168,3
11288,-265183,69
11290,-94771,22
11292,-2819,13
11294,-48976,5
11296,-165459,45
11300,-60686,10
11302,-94362,19
11304,-39924,4
11306,-216258,64
11310,-49808,5
11312,-99986,12
11316,-23338,9
11318,-195387,46
11322,-88988,13
11326,-182029,28
11332,-287001,36
11336,-171002,21
11338,-33225,8
11340,-417330,109
11342,-9974,1
11346,-126204,39
11350,-83269,24
11352,-196151,37
11354,-2356,4
11364,-455884,69
11370,-271076,34
11372,-26646,14
11374,-96476,37
11376,-79776,8
11378,-109902,30
11380,-169104,20
11384,-161044,60
11388,-35855,20
11392,-98040,10
11398,-99260,10
11400,-312126,82
11406,-79959,45
11408,-82470,49
11410,-279819,61
11412,-340340,66
11418,-58656,6
11420,-42544,13
11424,-3902,7
11426,-12807,9
11428,-3374,9
11444,-140391,17
11448,-616480,108
11450,-427072,64
11454,-191299,32
11456,-194713,29
11458,-257610,27
11462,-283355,73
11466,-128545,13
11468,-260881,35
11474,-30601,34
11476,-462024,82
11478,-245684,48
11482,-334957,55
11484,-1119870,273
11496,-63763,19
11498,-120883,23
11500,-435568,72
11504,-197028,39
11506,-27182,18
11508,-29930,3
11514,-162703,26
11518,-156931,38
11520,-86790,34
11524,-49222,5
11526,-188397,37
11532,-3692,18
11538,-19394,2
11540,-220392,47
11546,-66878,21
11550,-22756,10
11552,-20537,7
11554,-89497,9
11560,-288352,36
11562,-139966,37
11564,-278817,72
11566,-892696,146
11568,-179812,25
11572,-700,4
11576,-428531,51
11578,-329454,56
11580,-101829,15
11582,-178579,25
11584,-1710,9
11588,-49952,5
11590,-47037,16
11596,-74182,37
11600,-92845,18
11606,-41112,8
11608,-104135,22
11610,-120855,15
11612,-466820,109
11616,-48745,5
11618,-25280,13
11620,-224098,92
11628,-225779,68
11634,-240027,47
11636,-408121,83
11638,-59454,6
11640,-70386,10
11642,-10674,2
11644,-190878,23
11646,-35301,12
11648,-119442,16
11662,-71367,29
11668,-351807,55
11672,-202837,34
11676,-709198,182
11678,-136560,14
11682,-79648,8
11684,-152839,20
11686,-300173,57
11690,-151365,20
11694,-50103,19
11696,-71649,15
11698,-156304,29
11700,-108890,11
11702,-22272,7
11706,-62680,13
11708,-29919,3
11710,-21604,42
11718,-390877,77
11720,-478992,84
11722,-39338,4
11724,-78932,10
11742,-341295,76
11744,-119153,14
11752,-43407,11
11756,-97128,10
11760,-169388,17
11762,-470931,66
11766,-145643,24
11768,-76775,22
11770,-62042,14
11778,-52225,8
11780,-53816,11
11782,-249924,31
11786,-64826,17
11796,-109358,13
11800,-20733,8
11802,-43506,9
11804,-247751,51
11808,-136925,35
11812,-69163,8
11818,-80227,11
11822,-52796,30
11824,-13082,24
11832,-56406,42
11836,-29070,3
11838,-135096,31
11840,-89253,9
11842,-150386,34
11846,-556520,81
11848,-268346,75
11850,-291406,58
11852,-186399,33
11854,-179742,24
11856,-1586,2
11858,-213569,31
11864,-453696,62
11866,-552,2
11870,-376367,38
11874,-160051,20
11878,-370565,90
11880,-85740,25
11882,-218921,49
11886,-310911,51
11888,-404100,89
11892,-121112,17
11898,-62741,12
11900,-218608,22
11906,-166220,17
11908,-19966,2
11910,-55977,16
11912,-14189,9
11914,-43825,17
11916,-49898,5
11918,-59332,6
11924,-59217,6
11928,-99039,10
11930,-206938,30
11932,-101339,16
11936,-94275,24
11938,-35354,11
11944,-206724,51
11954,-194621,32
11956,-705420,94
11958,-80268,11
11962,-168167,30
11964,-427919,45
11970,-69538,10
11972,-539675,83
11978,-289319,29
11980,-190960,23
11982,-211667,42
11988,-4473,12
11992,-1651,13
11994,-60827,9
11996,-76731,19
11998,-102848,28
12000,-192585,33
12010,-410933,51
12012,-19942,2
12026,-114268,32
12028,-127425,43
12030,-392,2
12034,-115640,26
12044,-89775,9
12050,-490578,130
12052,-365984,79
12056,-90339,10
12062,-1446,3
12064,-1946,8
12066,-127766,27
12068,-39900,4
12070,-9780,1
12072,-114362,21
12076,-165838,38
12080,-69818,7
12084,-49504,5
12088,-62514,12
12090,-434931,46
12092,-112359,19
12094,-28815,19
12096,-273711,41
12098,-344818,61
12102,-541834,108
12106,-173074,31
12108,-19968,2
12110,-19968,2
12116,-301798,42
12118,-514625,66
12120,-256579,43
12126,-65844,18
12132,-29214,3
12134,-30606,5
12136,-160260,23
12138,-44822,12
12142,-71782,12
12148,-7065,9
12150,-380,2
12160,-114972,19
12162,-132209,38
12166,-1584,2
12170,-59826,6
12172,-169305,17
12174,-586,2
12180,-39132,4
12184,-249586,49
12186,-112329,16
12190,-132140,22
12194,-189815,26
12196,-91407,13
12198,-348083,121
12200,-4673,12
12202,-4184,10
12206,-30678,5
12208,-12793,10
12210,-142578,39
12212,-69292,12
12218,-5465,9
12220,-21356,4
12224,-11036,3
12226,-90905,17
12228,-21631,19
12230,-255570,59
12234,-236246,27
12248,-3092,6
12254,-240872,53
12258,-199457,50
12260,-244617,41
12264,-39930,4
12270,-36053,39
12276,-184965,46
12280,-79832,8
12282,-80708,12
12284,-242397,46
12286,-230270,41
12288,-84448,39
12292,-1909,10
12296,-4311,7
12300,-39572,4
12302,-149419,15
12304,-154978,49
12308,-387316,54
12312,-651176,114
12316,-954157,238
12318,-100320,12
12320,-19766,2
12322,-139353,16
12326,-577731,163
12328,-151764,24
12334,-92156,52
12336,-51260,9
12338,-19952,2
12340,-60874,37
12342,-443162,47
12346,-157270,16
12348,-450803,75
12350,-194372,44
12352,-135372,35
12354,-111036,32
12356,-121728,19
12358,-162788,28
12362,-21534,4
12364,-11032,4
12368,-71397,11
12372,-380,2
12378,-130639,28
12384,-268279,58
12386,-188805,77
12388,-108739,30
12390,-22945,7
12392,-175259,55
12394,-63917,32
12400,-136738,15
12404,-320938,66
12406,-128416,15
12410,-101131,19
12412,-50919,41
12414,-166394,41
12416,-162934,31
12420,-144787,44
12422,-5382,8
12424,-313325,104
12426,-164187,37
12428,-217414,160
12432,-157076,40
12434,-126206,35
12442,-42005,13
12446,-255224,67
12448,-200227,44
12450,-39522,4
12452,-8660,16
12456,-3426,6
12458,-5030,12
12460,-22262,6
12462,-121252,33
12464,-178584,34
12466,-198001,99
12470,-131738,30
12472,-246980,80
12474,-184266,64
12476,-165971,28
12480,-2028,3
12482,-235041,62
12484,-2704,4
12486,-90094,11
12488,-14428,8
12490,-36298,14
12496,-33147,8
12498,-70883,10
12502,-158448,16
12504,-160515,20
12506,-264542,36
12510,-23183,8
12514,-4079,9
12516,-44999,15
12520,-35423,16
12522,-1176,2
12526,-10777,2
12528,-61992,11
12532,-588,1
12536,-282967,50
12538,-676,1
12540,-2025475,397
12542,-2396,4
12544,-519333,128
12550,-7037,9
12554,-642806,118
12556,-10468,2
12558,-44716,15
12560,-303621,40
12566,-13972,10
12568,-28301,16
12570,-152846,21
12572,-217494,72
12576,-476636,98
12578,-143776,46
12580,-69754,29
12582,-43394,9
12584,-68234,20
12590,-776,4
12594,-9140,27
12596,-434971,44
12598,-13721,8
12600,-145642,46
12602,-131766,37
12604,-72916,15
12606,-263160,94
12608,-197763,49
12616,-8966,14
12620,-9544,17
12622,-51324,90
12624,-173100,79
12630,-16403,33
12632,-4418,9
12638,-21140,4
12642,-67823,7
12644,-242871,41
12648,-206823,38
12654,-92937,20
12656,-296111,53
12658,-66839,18
12660,-14578,28
12664,-558,2
12666,-69460,28
12668,-217957,73
12674,-261355,54
12676,-828416,158
12678,-92863,17
12680,-62437,10
12682,-61239,11
12686,-229122,43
12688,-281175,33
12690,-11171,4
12692,-69284,7
12696,-612159,120
12698,-321032,62
12702,-284235,40
12704,-519522,76
12708,-319440,40
12710,-137518,14
12712,-70605,10
12716,-176328,43
12722,-574,1
12724,-4891,13
12726,-167650,28
12736,-239319,50
12738,-17728,23
12744,-44788,15
12748,-49136,5
12756,-372285,71
12758,-223028,31
12760,-48785,5
12762,-313214,71
12764,-23668,8
12768,-84434,16
12770,-116913,52
12778,-22875,49
12780,-107476,40
12784,-45351,49
12786,-324063,111
12788,-220357,44
12790,-585,1
12794,-11229,4
12796,-65524,17
12800,-283512,44
12804,-59484,6
12808,-12010,7
12812,-1293298,204
12818,-261238,54
12820,-127531,13
12822,-89898,37
12824,-99086,12
12828,-2666,8
12830,-88372,19
12832,-165223,50
12834,-116936,32
12836,-221925,54
12838,-33344,13
12840,-8106,14
12844,-317235,86
12846,-98429,36
12848,-314212,63
12850,-269775,107
12856,-63218,14
12860,-278781,33
12870,-45135,32
12872,-666901,155
12874,-76273,49
12876,-4956,13
12882,-395389,146
12884,-370169,82
12888,-251702,30
12890,-406722,83
12892,-107619,33
12896,-29206,68
12902,-146340,15
12908,-223729,58
12910,-130274,35
12914,-415809,63
12916,-778971,151
12920,-99088,27
12926,-131464,17
12930,-142149,22
12936,-73419,47
12938,-493542,158
12940,-101321,20
12942,-108134,45
12944,-190925,37
12946,-1740,4
12948,-10080,23
12952,-3145,9
12954,-56474,26
12956,-132830,24
12960,-479391,84
12964,-229381,25
12966,-35522,14
12968,-1894,9
12970,-239613,54
12972,-175221,34
12982,-370780,76
12984,-21160,4
12986,-19970,2
12990,-7866,10
12992,-147986,34
12994,-68079,26
12996,-433941,78
13000,-242509,35
13004,-127348,33
13006,-90985,12
13008,-377517,136
13010,-147434,28
13012,-45841,16
13016,-250622,76
13018,-50362,24
13020,-177675,98
13022,-246313,49
13024,-89930,31
13028,-94835,25
13034,-1960,5
13038,-51737,27
13044,-329438,43
13046,-233709,84
13048,-41030,7
13052,-79306,8
13056,-334286,84
13058,-73509,15
13060,-73979,17
13064,-112188,20
13066,-343481,59
13068,-20492,6
13070,-2507,4
13072,-756,2
13074,-23523,8
13076,-181004,26
13080,-89354,9
13082,-194674,32
13084,-72964,12
13090,-182158,23
13094,-39908,4
13098,-129155,13
13104,-191624,39
13108,-25063,11
13114,-288559,34
13116,-114508,22
13118,-541128,86
13120,-338351,83
13124,-241743,69
13126,-285,1
13128,-50005,22
13130,-119862,37
13136,-106853,30
13142,-1186,2
13146,-348078,86
13148,-184297,29
13158,-44158,51
13172,-25127,13
13178,-366595,110
13180,-111332,32
13184,-63876,13
13196,-7066,9
13198,-67217,24
13202,-59496,6
13204,-43503,23
13210,-148633,18
13212,-370568,69
13214,-301271,94
13216,-151356,39
13220,-353049,86
13226,-97374,28
13228,-78956,8
13230,-84168,61
13232,-99039,68
13234,-5737,18
13236,-19778,2
13238,-147159,40
13240,-185496,31
13242,-7341,15
13246,-70962,24
13258,-174939,38
13262,-733797,124
13264,-169797,22
13266,-46120,17
13276,-97560,29
13278,-1524,4
13288,-3783,8
13290,-33721,10
13292,-5903,10
13294,-12966,23
13300,-123833,27
13310,-54004,16
13314,-26163,43
13316,-40939,27
13320,-255888,51
13324,-10470,16
13326,-76902,55
13328,-235858,88
13330,-249616,52
13332,-337084,122
13340,-382,2
13342,-11114,17
13346,-100139,14
13348,-12813,33
13358,-136952,62
13368,-370,1
13370,-51416,31
13372,-3286,13
13374,-368263,117
13376,-49104,5
13378,-126261,45
13384,-25623,10
13386,-5038,9
13390,-41479,14
13394,-575784,137
13396,-48360,16
13398,-15294,22
13404,-39516,4
13410,-102453,18
13412,-24952,10
13414,-286866,46
13416,-12488,5
13422,-382,1
13424,-48967,7
13434,-2031,3
13436,-585,1
13442,-5187,14
13444,-103116,18
13446,-161350,24
13450,-30612,20
13456,-19572,2
13458,-3384,5
13462,-634665,164
13466,-4858,10
13472,-22348,5
13476,-51668,11
13482,-215392,37
13484,-133995,22
13486,-121710,18
13488,-106386,25
13492,-81149,13
13494,-131496,42
13498,-331144,88
13500,-24875,35
13502,-66130,38
13504,-11514,8
13506,-111509,18
13508,-118493,39
13510,-3892,10
13512,-102346,27
13520,-2376,3
13522,-792,1
13526,-19564,2
13528,-133567,57
13530,-263413,43
13532,-669759,111
13536,-244562,55
13538,-108639,11
13540,-17888,23
13542,-39896,4
13554,-129652,18
13556,-14391,12
13560,-731228,117
13562,-230041,52
13568,-44173,13
13572,-126597,31
13576,-14599,9
13588,-211956,30
13590,-8795,13
13594,-98094,22
13596,-85818,19
13598,-177455,39
13602,-198173,33
13604,-59874,6
13606,-150057,17
13614,-102750,67
13618,-74242,16
13624,-136152,23
13630,-52339,10
13632,-43436,12
13636,-131410,29
13638,-19756,2
13640,-46224,14
13646,-198213,73
13648,-51346,9
13650,-446870,81
13652,-56438,18
13654,-22022,8
13656,-31204,5
13658,-407105,87
13662,-118662,12
13664,-130619,21
13668,-450161,49
13672,-153423,47
13674,-19758,2
13678,-3670,8
13686,-158079,74
13688,-351623,56
13690,-83778,16
13696,-70818,12
13698,-98796,10
13700,-128056,44
13710,-61488,27
13714,-473730,70
13718,-19794,2
13720,-164539,82
13724,-24287,41
13726,-61329,29
13728,-767705,115
13730,-39892,4
13734,-386247,125
13736,-72637,11
13738,-58727,6
13740,-273999,63
13742,-53115,12
13744,-162568,34
13746,-79896,8
13752,-592,1
13754,-171790,37
13756,-84175,18
13762,-9771,1
13768,-82990,45
13770,-392289,115
13772,-382823,105
13778,-1029424,165
13780,-59740,6
13782,-314319,65
13784,-345270,93
13790,-435739,79
13792,-152312,54
13794,-621459,86
13798,-154095,31
13800,-48905,5
13802,-228764,35
13804,-95883,23
13806,-39492,4
13808,-12239,4
13812,-179062,24
13814,-119617,15
13830,-89364,9
13840,-19978,2
13848,-177696,57
13852,-252430,126
13864,-737912,120
13866,-19782,2
13870,-123417,43
13874,-233300,33
13876,-79512,8
13880,-61577,11
13882,-149201,15
13884,-104313,22
13886,-30308,5
13888,-19550,2
13892,-157971,16
13902,-158136,59
13904,-1314,4
13906,-99226,20
13908,-160599,47
13912,-89835,9
13914,-122055,16
13916,-146355,54
13918,-434177,73
13922,-448270,105
13926,-80382,13
13930,-353502,73
13932,-188680,19
13936,-39940,4
13938,-39840,4
13940,-197727,50
13944,-127588,25
13946,-79808,73
13954,-354847,119
13956,-664336,162
13958,-100882,14
13962,-1950,5
13964,-10642,14
13968,-235030,28
13970,-49392,18
13972,-591276,114
13974,-276822,48
13978,-225769,34
13980,-192219,36
13988,-75497,23
13990,-146397,54
13992,-51152,10
13994,-216165,55
13996,-187300,30
13998,-140422,27
14000,-259219,40
14002,-228974,68
14004,-148278,56
14008,-92533,44
14010,-4770,6
14012,-51312,7
14014,-24488,21
14018,-632775,102
14020,-163011,37
14022,-291574,113
14026,-92643,31
14028,-19594,2
14030,-64869,39
14034,-679387,190
14038,-8733,11
14048,-164502,40
14052,-101308,17
14054,-151650,84
14056,-51984,27
14058,-174288,66
14062,-6922,17
14066,-390003,95
14068,-517231,118
14070,-52826,38
14078,-219374,76
14080,-152353,69
14082,-389038,50
14094,-341989,65
14098,-185124,50
14100,-829426,142
14102,-246843,31
14106,-11255,18
14108,-71941,51
14110,-100233,44
14112,-223690,36
14114,-52801,22
14116,-182864,40
14118,-315350,42
14122,-134236,24
14126,-112323,15
14130,-4604,15
14132,-462975,166
14140,-100570,32
14142,-8512,14
14144,-110233,16
14148,-39912,4
14162,-77709,22
14168,-161347,33
14170,-183380,40
14172,-9848,18
14174,-67691,19
14176,-299225,58
14178,-53438,36
14180,-106479,38
14182,-225203,38
14184,-32298,14
14192,-184195,84
14194,-270409,80
14202,-382,2
14204,-335868,65
14206,-52124,30
14208,-68588,25
14212,-99622,22
14218,-64694,14
14226,-46486,18
14228,-38899,23
14232,-205541,43
14234,-31476,16
14236,-39908,4
14238,-73485,12
14240,-143782,32
14244,-103082,69
14256,-89798,9
14262,-4958,11
14270,-87398,20
14272,-32915,25
14276,-152854,22
14278,-56671,19
14282,-373583,68
14284,-89644,9
14288,-95627,64
14290,-250717,48
14292,-29529,18
14296,-33258,9
14304,-215966,44
14306,-302198,72
14308,-98850,10
14310,-249914,32
14314,-275525,92
14320,-66025,17
14326,-8863,26
14332,-237340,44
14334,-90265,11
14338,-382960,52
14340,-253119,34
14342,-127414,13
14346,-212654,64
14350,-210794,49
14356,-2590,4
14358,-87206,20
14360,-29937,3
14366,-63143,14
14372,-223939,114
14378,-60756,8
14380,-17938,35
14382,-720,4
14384,-21190,45
14386,-3510,6
14388,-75499,33
14390,-3925,5
14394,-57638,27
14398,-27082,22
14400,-229619,28
14404,-149589,19
14408,-106659,28
14414,-59424,18
14420,-253674,104
14422,-128661,13
14428,-111125,16
14436,-72678,12
14440,-570,3
14442,-561563,117
14444,-9976,1
14448,-25233,17
14454,-71053,14
14460,-366175,60
14462,-3116,10
14464,-223021,34
14466,-59898,6
14468,-52204,16
14470,-100399,11
14474,-213100,44
14478,-6302,12
14480,-33402,10
14486,-33652,34
14488,-109179,13
14492,-29849,3
14494,-573420,62
14496,-632562,95
14500,-362774,78
14502,-220998,54
14506,-85075,35
14508,-59960,10
14510,-219509,73
14516,-6443,9
14518,-86099,34
14520,-255823,73
14522,-226250,32
14524,-224141,53
14526,-93746,15
14528,-244794,62
14532,-162589,70
14534,-9983,1
14536,-72222,23
14538,-9306,17
14540,-12239,4
14542,-449684,106
14548,-189793,41
14550,-39892,4
14552,-30767,20
14556,-494655,50
14558,-4332,8
14564,-584,2
14566,-69833,24
14572,-10577,3
14574,-155953,27
14576,-234743,38
14582,-102067,31
14584,-138527,14
14588,-145421,47
14590,-64907,14
14594,-343400,46
14596,-265296,62
14606,-19962,2
14608,-19968,2
14610,-228068,57
14612,-426801,77
14614,-46574,17
14618,-3940,5
14620,-8246,14
14622,-42896,12
14626,-484195,86
14630,-3273,11
14632,-83596,53
14634,-6312,9
14638,-148716,35
14640,-3516,6
14642,-228394,24
14644,-3516,6
14646,-27181,15
14648,-614279,144
14650,-99031,11
14652,-307874,47
14654,-483098,87
14656,-42460,11
14658,-362787,60
14662,-5409,8
14664,-70014,9
14666,-634425,237
14670,-454578,67
14672,-223951,38
14674,-69880,7
14676,-92211,18
14678,-554474,120
14682,-2487,6
14684,-199989,85
14688,-98170,22
14690,-143511,23
14692,-52507,9
14694,-42494,9
14702,-111474,17
14710,-40129,7
14712,-38965,20
14714,-285489,50
14716,-181354,35
14720,-296919,78
14722,-406690,75
14724,-147684,15
14734,-203245,40
14736,-804644,108
14744,-110562,32
14748,-71580,10
14750,-60482,8
14756,-281159,45
14758,-4315,7
14760,-167560,56
14762,-33138,7
14766,-37996,16
14768,-253551,49
14770,-364049,88
14772,-411108,114
14776,-118898,39
14778,-295852,88
14780,-56730,45
14782,-111794,37
14794,-21076,5
14796,-107997,28
14798,-1162,2
14800,-92606,15
14802,-42533,9
14806,-154160,47
14808,-236038,50
14810,-240197,98
14814,-78661,25
14816,-71559,23
14824,-197238,54
14828,-79768,8
14832,-115561,92
14834,-2948,6
14836,-225102,70
14840,-195751,100
14842,-59328,6
14844,-333474,34
14846,-116534,23
14848,-199743,26
14852,-237238,50
14854,-220166,32
14860,-30198,6
14862,-134878,52
14866,-19546,2
14868,-368408,80
14870,-1088,4
14872,-60830,8
14874,-325415,64
14876,-145460,65
14882,-113568,23
14884,-1072,2
14888,-19546,2
14890,-6844,14
14892,-8539,28
14894,-3872,13
14902,-100635,16
14904,-31356,6
14908,-362613,58
14912,-4565,10
14916,-106084,22
14918,-211298,39
14920,-213706,22
14922,-493454,85
14924,-9889,1
14932,-924247,167
14936,-113011,23
14940,-20153,3
14942,-3158,8
14946,-8941,12
14950,-323067,64
14952,-166142,49
14954,-19779,2
14956,-14674,11
14958,-282298,76
14962,-60145,7
14964,-22857,15
14966,-60458,7
14968,-116730,30
14974,-1352,4
14976,-163897,31
14984,-35256,13
14986,-460996,120
14988,-5198,9
14990,-9405,29
14992,-19584,2
14994,-52867,17
14996,-219084,67
14998,-279501,74
15000,-406781,76
15004,-110038,21
15006,-9674,1
15010,-79521,8
15012,-92389,19
15014,-29913,3
15016,-148289,15
15018,-75075,19
15020,-315900,73
15022,-51800,24
15028,-488464,64
15036,-82290,12
15044,-191169,61
15050,-45710,12
15054,-36863,13
15058,-600,2
15060,-11409,4
15062,-55985,17
15064,-92806,18
15072,-1767,6
15078,-20539,21
15080,-52246,26
15088,-188852,96
15090,-12963,8
15092,-248716,43
15094,-3962,8
15098,-171535,25
15100,-136271,55
15108,-348441,119
15110,-187262,32
15112,-291693,40
15114,-38019,16
15120,-60574,12
15122,-163720,44
15130,-70095,9
15132,-140108,19
15146,-235788,48
15148,-59391,28
15150,-48122,49
15152,-116972,92
15156,-177788,34
15158,-103220,19
15160,-204418,36
15164,-173019,42
15168,-148565,54
15172,-13409,36
15174,-22700,6
15184,-252335,52
15186,-233053,52
15190,-83452,17
15192,-343549,49
15194,-29919,3
15202,-93906,21
15204,-55751,18
15206,-200003,30
15208,-113084,29
15210,-119292,15
15212,-79188,10
15214,-138288,46
15216,-140063,19
15218,-117636,12
15220,-52185,15
15222,-373863,89
15224,-226905,73
15226,-3889,6
15230,-10698,32
15232,-157167,20
15234,-859,2
15236,-33198,10
15240,-13195,7
15242,-161799,21
15244,-127562,31
15246,-19771,2
15248,-108838,11
15252,-118460,12
15254,-19584,2
15258,-9976,1
15260,-198698,53
15264,-104531,17
15272,-188004,44
15274,-2710,6
15276,-39883,7
15278,-9876,1
15280,-217324,27
15286,-178618,23
15288,-98633,10
15292,-1600,8
15294,-102557,19
15296,-126860,31
15298,-209564,50
15300,-106527,78
15306,-82689,14
15308,-5586,14
15312,-318186,100
15314,-251325,29
15316,-80132,9
15318,-108581,11
15320,-436208,109
15322,-274721,50
15324,-93912,20
15326,-352937,59
15328,-169350,37
15330,-154339,24
15332,-60764,9
15334,-43454,29
15336,-463870,115
15338,-17518,27
15342,-1348,2
15344,-172092,26
15346,-150941,20
15350,-973979,119
15352,-475358,105
15354,-350315,56
15356,-53498,14
15360,-275724,87
15378,-215154,40
15380,-82035,16
15382,-185571,99
15386,-439531,81
15388,-27967,29
15392,-203164,152
15396,-228779,23
15400,-116528,27
15412,-19778,2
15414,-72157,11
15418,-150714,38
15420,-572886,106
15422,-239483,27
15424,-335922,51
15426,-72966,15
15428,-42981,11
15430,-72726,12
15434,-69867,7
15436,-146513,59
15438,-6393,10
15440,-224880,52
15442,-61006,26
15444,-9350,22
15446,-118488,32
15448,-29749,3
15450,-49425,5
15454,-85609,68
15458,-6252,14
15462,-212159,42
15464,-298472,52
15468,-201718,46
15476,-235663,24
15478,-385085,109
15480,-71432,60
15484,-30087,5
15488,-590,1
15492,-26606,12
15494,-71389,31
15498,-64998,14
15502,-117674,21
15508,-1936,4
15510,-200851,23
15512,-67937,21
15514,-58915,6
15516,-275326,43
15522,-135875,23
15526,-109192,39
15532,-169922,41
15534,-24884,18
15536,-134868,51
15538,-291559,89
15540,-72535,15
15544,-21116,4
15546,-29254,3
15552,-366478,71
15556,-324120,71
15560,-721228,136
15562,-134527,27
15568,-141178,32
15572,-217729,42
15576,-848180,156
15580,-313432,32
15588,-41000,9
15590,-1083,3
15594,-80689,11
15596,-402660,114
15598,-91772,14
15600,-97828,10
15604,-21754,5
15606,-169212,20
15610,-41122,8
15612,-19942,2
15614,-3952,12
15618,-110503,15
15620,-1192,2
15622,-83565,42
15626,-69953,27
15628,-235761,24
15630,-80544,10
15632,-41146,81
15634,-25226,23
15638,-98707,10
15640,-82857,31
15642,-131299,25
15646,-20294,19
15648,-49883,5
15654,-30699,4
15660,-3090,6
15672,-67653,27
15674,-147051,29
15676,-243857,38
15680,-512700,52
15682,-210332,27
15686,-19780,2
15690,-182183,39
15692,-83748,26
15694,-150511,31
15698,-39888,4
15700,-539259,98
15704,-255478,69
15706,-129781,15
15708,-82803,14
15710,-336981,63
15712,-140056,16
15716,-128924,13
15720,-80446,9
15722,-78600,8
15724,-67052,18
15726,-472916,75
15728,-281080,93
15732,-241315,30
15736,-291790,56
15742,-332916,71
15744,-341641,100
15746,-82912,15
15752,-127956,28
15754,-1162,2
15758,-57422,40
15760,-49171,6
15766,-70970,12
15770,-10472,16
15774,-111162,18
15778,-41315,43
15784,-347861,84
15788,-1488,4
15790,-191134,28
15794,-54346,25
15808,-14689,7
15812,-51482,20
15820,-320208,93
15822,-71552,43
15826,-61088,8
15832,-446367,67
15836,-357382,56
15840,-555960,116
15846,-98101,99
15850,-154883,25
15852,-128232,57
15854,-16435,29
15856,-112954,30
15858,-58339,16
15860,-775606,92
15862,-167020,32
15864,-4248,8
15878,-138576,27
15882,-176861,74
15890,-282203,60
15892,-247082,52
15894,-148947,58
15898,-52038,39
15900,-442830,80
15902,-88050,51
15904,-187954,19
15912,-139134,20
15914,-343921,48
15916,-264213,60
15920,-233197,49
15926,-34997,12
15928,-455190,79
15930,-92507,34
15932,-102841,19
15934,-50501,9
15936,-19121,29
15938,-53749,11
15940,-154380,46
15946,-50339,8
15948,-2562,9
15952,-242132,35
15954,-464813,147
15956,-104465,56
15958,-53999,13
15962,-59358,6
15964,-208221,97
15970,-5817,12
15980,-231518,39
15994,-99384,12
16002,-20706,12
16004,-67816,7
16006,-116129,28
16008,-34086,28
16010,-368109,65
16020,-79880,8
16022,-49961,24
16024,-445886,118
16032,-559537,115
16038,-535065,79
16040,-866259,187
16042,-155795,81
16044,-465739,78
16052,-157886,36
16056,-33315,25
16058,-974,2
16060,-81247,14
16062,-39378,4
16064,-87682,9
16066,-58447,20
16068,-103769,20
16070,-57200,15
16072,-197847,40
16074,-99719,44
16080,-286682,149
16082,-887180,247
16086,-673748,158
16088,-43176,10
16090,-71576,35
16094,-20998,50
16098,-145533,41
16104,-485440,78
16110,-1619678,342
16124,-203496,43
16126,-144331,26
16128,-151628,43
16130,-5800,10
16132,-126729,75
16134,-31938,8
16136,-10615,22
16140,-2866,8
16142,-9690,1
16148,-322364,42
16150,-6867,30
16152,-305236,85
16154,-242509,48
16156,-91481,35
16162,-87338,26
16166,-479637,126
16168,-108048,26
16170,-39940,4
16172,-203112,82
16174,-125141,26
16176,-22148,7
16186,-63321,61
16188,-13453,7
16190,-324800,71
16192,-254664,70
16194,-225835,84
16198,-6444,14
16202,-2542,5
16204,-120105,14
16206,-55226,17
16208,-66904,25
16212,-19849,2
16214,-119690,15
16216,-188217,19
16218,-79448,10
16224,-170442,21
16226,-246838,73
16230,-69387,26
16236,-165169,28
16238,-12170,7
16242,-1130514,253
16246,-73960,18
16250,-33286,11
16252,-17645,55
16254,-53590,33
16256,-9817,29
16262,-379822,110
16266,-82813,21
16268,-4379,9
16272,-222145,34
16274,-226958,26
16278,-86310,20
16280,-654333,178
16282,-318140,54
16284,-310496,114
16286,-354665,49
16290,-429004,73
16292,-203178,28
16296,-369485,70
16300,-9973,1
16302,-352221,101
16304,-309291,81
16318,-1246051,170
16320,-695833,132
16322,-326896,39
16324,-99924,16
16326,-10042,3
16330,-249816,60
16338,-11369,3
16342,-78894,8
16344,-86688,35
16350,-918608,127
16352,-100620,30
16354,-243221,42
16358,-42023,8
16360,-230109,31
16362,-280852,38
16366,-32494,7
16368,-113121,40
16372,-322889,52
16376,-277802,31
16378,-49305,5
16382,-280471,72
16390,-44231,14
16394,-190423,26
16396,-1058,2
16402,-49784,6
16408,-9526,12
16410,-20560,3
16414,-78300,8
16418,-11486,3
16420,-241990,35
16422,-51158,7
16424,-20155,3
16428,-488395,105
16432,-41725,7
16440,-19954,2
16446,-240885,34
16448,-77927,8
16450,-39892,4
16462,-290957,34
16466,-220724,24
16468,-81794,16
16474,-881,3
16476,-93565,17
16480,-166837,31
16484,-109774,15
16488,-40398,5
16490,-424580,99
16494,-149356,25
16496,-23678,8
16500,-12129,5
16502,-161045,52
16504,-169693,19
16508,-235371,28
16526,-152579,21
16530,-49713,5
16540,-72791,13
16548,-171306,22
16550,-1436,3
16552,-171241,42
16556,-35636,19
16560,-150590,18
16564,-19970,2
16566,-178958,20
16568,-245381,52
16572,-5012,8
16574,-146308,25
16580,-94163,17
16582,-285597,72
16584,-19942,2
16594,-6266,13
16596,-48975,5
16602,-118921,44
16604,-690233,132
16608,-115014,22
16612,-131260,48
16614,-649518,234
16618,-39288,4
16620,-108503,11
16628,-172490,55
16630,-44636,18
16634,-54642,12
16636,-63570,63
16642,-120945,14
16644,-218389,40
16648,-107199,26
16652,-553934,111
16656,-466075,82
16658,-620872,136
16660,-65868,23
16664,-123299,21
16666,-39835,4
16668,-218680,26
16672,-115852,23
16674,-474082,65
16676,-129596,13
16680,-30971,6
16682,-39940,4
16686,-243119,49
16688,-172742,23
16692,-172415,23
16698,-257894,48
16700,-462440,78
16702,-88073,22
16704,-392801,84
16708,-119097,26
16710,-127867,31
16712,-235785,57
16714,-150067,21
16718,-243456,38
16720,-232167,34
16724,-52241,9
16726,-61332,9
16730,-133757,23
16732,-7760,19
16734,-19760,2
16736,-309852,42
16738,-232280,31
16740,-187736,36
16742,-35573,21
16748,-135885,27
16750,-40480,8
16754,-274972,59
16762,-232783,55
16764,-3942,8
16766,-23475,8
16768,-89454,9
16772,-79591,20
16774,-357208,36
16778,-9873,1
16780,-83231,19
16782,-49628,5
16784,-1346,2
16796,-110861,35
16800,-9777,1
16802,-24043,23
16808,-163156,28
16810,-311311,62
16816,-2936,5
16818,-220851,39
16822,-119839,50
16824,-83192,15
16834,-56154,15
16838,-65513,20
16840,-196092,57
16844,-69188,7
16846,-90643,13
16850,-23185,9
16852,-448465,93
16860,-152691,41
16862,-751818,117
16864,-101586,15
16866,-3028,10
16872,-303015,55
16874,-190815,24
16876,-295465,52
16878,-134223,24
16882,-269189,36
16884,-23034,11
16886,-310290,44
16890,-118163,13
16892,-64041,32
16894,-42512,10
16898,-19780,4
16902,-231683,51
16910,-371249,44
16914,-144717,25
16916,-123221,43
16926,-4078,10
16928,-19564,2
16940,-109381,11
16942,-271806,38
16948,-9331,19
16952,-3502,5
16954,-183884,25
16956,-90487,55
16958,-394613,121
16962,-117330,30
16964,-29370,3
16970,-208955,24
16972,-292958,60
16976,-63719,13
16978,-111098,21
16980,-195015,39
16988,-643637,127
16992,-766484,191
16994,-292374,43
16996,-217188,22
16998,-12185,6
17000,-679475,163
17008,-29571,3
17010,-41740,11
17012,-31961,9
17020,-89739,9
17022,-23150,11
17024,-112516,17
17026,-186337,36
17028,-29557,3
17034,-39938,4
17036,-51889,11
17038,-39718,4
17042,-661855,110
17044,-30051,5
17046,-217066,26
17048,-595739,96
17056,-160753,24
17062,-38924,4
17064,-179110,18
17066,-38764,4
17070,-316992,68
17080,-280139,111
17082,-195737,70
17084,-129410,28
17086,-162790,49
17088,-38796,4
17092,-485463,74
17096,-376096,77
17102,-290078,50
17106,-221885,28
17108,-228227,70
17110,-170498,39
17112,-351932,69
17116,-22262,14
17122,-103977,36
17124,-29831,3
17128,-54471,13
17130,-52313,26
17132,-327711,95
17136,-576162,128
17140,-38708,4
17144,-49080,8
17146,-60491,7
17148,-107032,41
17150,-83723,16
17158,-31531,7
17164,-19972,2
17168,-321081,43
17176,-96404,19
17178,-2217,5
17180,-590,2
17190,-332506,46
17192,-158260,50
17194,-207567,39
17196,-783660,106
17198,-31395,6
17204,-179778,22
17206,-192452,34
17210,-150516,27
17212,-13063,7
17214,-104550,46
17216,-50568,38
17222,-104910,19
17226,-36066,18
17228,-1540,4
17234,-49712,5
17236,-546,2
17238,-122946,25
17240,-80378,33
17244,-251403,73
17248,-491729,104
17250,-111264,36
17252,-179648,72
17260,-95874,27
17262,-11181,24
17264,-277075,90
17268,-28670,20
17270,-11304,32
17272,-313629,58
17274,-61564,14
17282,-192188,29
17286,-209457,43
17298,-84073,50
17300,-215240,73
17308,-357374,57
17312,-11578,3
17314,-119652,42
17316,-260615,51
17318,-485070,66
17320,-1570,2
17326,-819272,159
17328,-890933,208
17330,-514411,71
17332,-342866,48
17334,-80916,14
17338,-300894,43
17340,-226208,44
17348,-170282,22
17352,-554,2
17354,-127099,29
17360,-147354,52
17366,-178050,25
17376,-70201,9
17378,-210429,24
17382,-203196,45
17388,-2373,3
17390,-121941,19
17392,-774542,158
17394,-259343,60
17396,-56528,40
17402,-112200,15
17404,-248991,28
17410,-16864,23
17412,-79296,8
17414,-69673,7
17416,-318200,37
17420,-463697,78
17422,-218404,26
17424,-145237,28
17426,-6047,20
17428,-19865,2
17430,-324091,53
17432,-4600,23
17434,-278532,55
17436,-2354,18
17442,-1186,2
17444,-56355,23
17446,-98277,41
17448,-65433,15
17450,-315252,72
17452,-436510,49
17456,-53093,24
17458,-171164,22
17460,-97737,30
17464,-22400,6
17468,-76560,17
17470,-49702,5
17472,-163543,30
17474,-260583,56
17480,-188852,32
17484,-172739,29
17486,-30062,6
17488,-168766,59
17492,-172086,118
17494,-102827,31
17496,-793,1
17498,-80937,26
17500,-187219,34
17502,-55710,18
17510,-20069,3
17518,-12121,28
17520,-29196,14
17522,-605373,92
17530,-23095,9
17532,-78426,8
17534,-421143,110
17536,-154912,29
17540,-158849,39
17542,-4572,13
17546,-130567,20
17548,-19765,2
17552,-16469,16
17556,-59130,6
17560,-51281,8
17570,-70493,12
17572,-108862,11
17574,-135886,36
17578,-182581,63
17580,-40288,6
17586,-66068,47
17592,-71784,13
17594,-464390,106
17598,-89064,28
17604,-168596,41
17606,-121246,67
17608,-103349,52
17616,-1752,3
17618,-530112,89
17620,-29676,3
17630,-156695,28
17632,-142567,36
17634,-442122,58
17636,-212425,29
17638,-149313,16
17640,-32115,8
17642,-4050,6
17644,-10469,2
17646,-9180,26
17652,-29666,3
17656,-143328,26
17664,-133908,27
17670,-176140,65
17682,-67214,21
17684,-102614,75
17686,-69036,20
17688,-320756,58
17692,-372124,65
17694,-377382,128
17696,-100214,28
17700,-102383,15
17704,-33624,30
17712,-326255,63
17714,-20946,4
17716,-24278,12
17724,-92811,14
17726,-55316,12
17728,-11347,6
17730,-39968,4
17734,-39576,4
17736,-61296,10
17738,-59790,6
17740,-237290,41
17742,-173588,51
17744,-27192,21
17750,-386243,42
17752,-173026,68
17756,-146872,31
17758,-59674,6
17760,-97673,27
17762,-211779,67
17766,-715379,107
17768,-138388,48
17772,-361237,66
17774,-29080,20
17776,-173146,42
17778,-104588,18
17782,-3093,6
17788,-1148,4
17790,-143406,29
17794,-4050,6
17798,-222213,55
17800,-7888,12
17804,-29887,5
17810,-92388,14
17812,-89161,29
17814,-91957,15
17816,-201005,27
17822,-76202,23
17828,-2466,6
17830,-487,1
17836,-219317,43
17844,-272,1
17852,-34676,20
17854,-233107,53
17858,-205370,49
17862,-628027,138
17866,-317544,58
17874,-2928,4
17876,-19596,2
17878,-180721,24
17880,-124814,20
17882,-22910,10
17886,-472576,155
17890,-93037,17
17892,-44407,18
17896,-72916,33
17900,-525319,105
17902,-59425,19
17906,-389199,72
17910,-156453,31
17914,-26793,17
17922,-45670,12
17926,-267804,61
17930,-39564,4
17934,-59852,6
17936,-755776,187
17940,-120288,14
17942,-149300,15
17946,-153798,31
17950,-152556,31
17952,-149367,19
17954,-10322,16
17956,-24205,11
17960,-58980,25
17962,-169543,54
17966,-30651,5
17968,-108310,40
17970,-17183,15
17972,-151383,28
17978,-105198,24
17980,-218655,51
17982,-14122,26
17992,-107189,45
17998,-711960,120
18002,-431016,106
18004,-170606,22
18006,-110179,26
18012,-108547,31
18014,-248110,40
18022,-580114,78
18026,-4770,6
18030,-407668,116
18032,-23343,7
18034,-144422,26
18038,-7310,11
18042,-32246,7
18044,-5849,10
18046,-977717,260
18050,-13842,13
18062,-13323,7
18068,-19556,2
18070,-335394,71
18076,-33358,26
18078,-310552,83
18086,-9563,13
18090,-60089,11
18092,-19568,2
18094,-19580,2
18096,-62114,11
18102,-161275,23
18106,-101924,25
18108,-680682,173
18112,-69252,7
18114,-61285,10
18116,-90958,84
18118,-149313,129
18120,-88498,34
18126,-161414,35
18130,-50243,6
18132,-19471,2
18136,-97978,42
18138,-68725,20
18148,-882,3
18150,-49603,26
18154,-44696,25
18156,-83621,37
18158,-165018,45
18162,-223631,33
18164,-4252,8
18166,-59675,7
18170,-43004,10
18172,-89609,15
18176,-283439,67
18186,-387084,70
18188,-39528,4
18194,-137289,39
18198,-109740,54
18200,-24080,12
18202,-264618,61
18204,-93079,15
18206,-134576,24
18212,-159478,16
18214,-161619,26
18220,-433031,87
18224,-138681,14
18228,-19948,2
18230,-1147,3
18244,-375305,51
18250,-32186,13
18254,-105155,27
18256,-402193,92
18260,-41704,8
18272,-2738,6
18274,-1321,3
18280,-23690,7
18282,-1033573,183
18286,-2340,4
18290,-91479,67
18298,-40904,10
18300,-823074,129
18302,-228755,29
18306,-30359,4
18308,-6068,14
18310,-111893,19
18312,-40085,7
18314,-20754,4
18316,-315974,51
18324,-90565,42
18326,-124085,22
18330,-150027,18
18332,-836209,186
18334,-363678,47
18336,-21329,7
18340,-385854,52
18350,-2273,7
18352,-160898,33
18356,-326270,92
18358,-272234,41
18360,-46440,16
18364,-48757,18
18372,-388944,86
18378,-261344,36
18380,-3348,5
18384,-1184,4
18386,-135994,42
18394,-178661,38
18398,-218475,24
18400,-14335,7
18406,-213358,32
18410,-59352,6
18412,-10492,3
18424,-261614,106
18430,-417316,106
18432,-548569,84
18436,-91326,14
18442,-50633,10
18444,-80332,12
18446,-137538,17
18448,-80206,10
18450,-19548,2
18456,-199389,34
18458,-412541,91
18460,-21584,5
18462,-192489,31
18466,-149820,38
18468,-406200,89
18470,-64550,20
18472,-172450,29
18474,-10392,2
18476,-6786,16
18478,-1000,2
18484,-2708,4
18486,-915,5
18488,-9891,1
18492,-2920,5
18496,-59693,7
18500,-68661,7
18502,-8890,21
18504,-122531,20
18506,-48895,5
18508,-29361,3
18510,-6948,12
18512,-140171,20
18514,-131045,18
18518,-7533,22
18528,-424420,59
18530,-217613,71
18532,-10951,3
18536,-126526,31
18538,-670891,84
18540,-126710,29
18550,-63564,14
18556,-19558,2
18558,-283421,55
18564,-442400,64
18570,-542504,65
18572,-152957,22
18574,-55363,12
18580,-165053,56
18582,-230493,48
18586,-233882,37
18594,-10316,14
18596,-413892,71
18598,-101722,16
18600,-19187,27
18602,-280,1
18606,-79532,14
18610,-289529,81
18612,-74010,15
18614,-59292,6
18616,-20738,4
18618,-120074,13
18620,-79314,8
18626,-11018,14
18628,-8258,14
18634,-9886,1
18638,-5084,10
18652,-46464,23
18654,-33912,11
18656,-280120,60
18660,-18911,16
18664,-5006,7
18666,-118481,31
18672,-54507,39
18676,-127992,25
18678,-59312,6
18680,-7034,10
18682,-367696,72
18686,-17039,27
18688,-2134,4
18690,-40902,7
18694,-245008,61
18696,-66958,19
18700,-63994,15
18702,-1944,5
18704,-117610,37
18706,-76480,21
18708,-929332,231
18714,-39803,5
18716,-39530,17
18718,-91512,13
18720,-152213,23
18728,-27821,21
18738,-62814,13
18744,-30714,6
18746,-579435,98
18748,-355634,94
18750,-11737,5
18752,-70480,9
18756,-39444,56
18758,-108496,26
18760,-293786,68
18764,-225482,33
18768,-33527,11
18770,-665955,93
18774,-108875,11
18776,-148829,15
18782,-5165,12
18788,-2369,5
18790,-3693,10
18796,-82464,13
18798,-387603,56
18802,-42112,13
18804,-205882,32
18806,-53196,14
18814,-139344,44
18816,-365073,57
18818,-39784,5
18820,-83902,22
18826,-93790,39
18828,-171085,25
18830,-54432,19
18832,-19390,2
18836,-364937,74
18838,-244194,56
18840,-47388,17
18842,-163956,49
18844,-114081,18
18848,-64259,16
18856,-855238,140
18858,-455214,107
18860,-250839,31
18864,-35004,11
18866,-3136,4
18868,-8478,24
18870,-260753,38
18874,-2880,8
18876,-26984,18
18878,-1724,5
18880,-83834,17
18884,-98821,10
18886,-148110,15
18888,-82200,13
18892,-279557,50
18894,-235917,47
18896,-119909,45
18898,-706609,111
18902,-228450,43
18904,-69792,9
18906,-59465,11
18916,-1039043,165
18930,-252879,35
18932,-160460,18
18934,-69376,7
18936,-111641,17
18940,-157384,37
18944,-39920,4
18946,-49901,5
18948,-20868,6
18952,-19960,2
18954,-30707,6
18960,-22522,36
18962,-106806,24
18968,-110205,54
18970,-789,1
18972,-121282,25
18976,-47711,36
18978,-19786,2
18982,-70850,13
18988,-2884,8
18990,-30222,5
18994,-9980,1
18998,-130874,41
19002,-91780,25
19004,-228760,72
19006,-314692,94
19010,-194173,69
19014,-44420,16
19016,-6288,8
19020,-600,1
19024,-7118,10
19028,-129378,37
19042,-373044,109
19044,-221730,66
19046,-46464,18
19056,-364864,57
19058,-202032,41
19062,-79872,8
19068,-106670,36
19072,-1794,3
19078,-63121,15
19080,-205601,69
19086,-6251,17
19088,-34445,12
19090,-193121,40
19092,-176877,30
19094,-19794,2
19096,-77686,38
19098,-30725,37
19110,-54587,13
19112,-85524,19
19114,-133588,38
19118,-689355,136
19120,-401865,120
19122,-151936,24
19126,-26192,20
19128,-306603,101
19130,-123158,19
19132,-289438,104
19134,-158391,76
19136,-89001,9
19140,-163500,25
19144,-368253,52
19146,-431543,108
19148,-900004,342
19150,-533530,119
19152,-39916,4
19156,-205993,51
19158,-376099,70
19160,-114268,22
19162,-52704,15
19164,-171782,50
19168,-76669,18
19170,-19752,2
19172,-198853,21
19174,-402737,89
19176,-167466,46
19178,-150315,47
19180,-143482,28
19182,-144173,25
19186,-955772,163
19196,-129270,33
19198,-104323,18
19200,-104059,25
19202,-232852,70
19204,-287915,33
19212,-243756,37
19214,-152187,37
19218,-89385,9
19224,-452052,80
19228,-380039,65
19230,-43221,11
19232,-124955,23
19234,-177954,35
19238,-108883,11
19240,-3866,9
19242,-208927,63
19246,-24995,41
19250,-113106,58
19258,-5219,8
19260,-394,1
19262,-26500,17
19264,-99760,10
19266,-17377,18
19272,-2156,4
19274,-275539,46
19276,-68817,29
19282,-2862,6
19288,-176690,48
19290,-83341,19
19292,-59925,24
19296,-293941,59
19298,-217894,23
19300,-39926,4
19306,-180256,38
19308,-770531,143
19310,-10808,29
19312,-220204,45
19314,-71740,27
19316,-175190,38
19318,-24820,10
19326,-313096,77
19334,-238185,48
19336,-301680,40
19338,-867356,181
19340,-312428,123
19342,-285636,104
19346,-594877,126
19348,-42860,24
19354,-732782,140
19360,-182109,37
19362,-261295,38
19368,-60419,28
19372,-71144,13
19374,-543931,121
19376,-9984,1
19382,-108561,11
19384,-2221,6
19386,-24530,8
19388,-2382,4
19390,-28671,22
19394,-44207,18
19396,-438881,116
19398,-195280,64
19400,-267964,73
19402,-171337,37
19404,-82296,43
19406,-13845,32
19408,-31649,46
19410,-58164,42
19412,-26898,14
19414,-800609,147
19416,-118548,65
19424,-2108,6
19430,-53627,13
19432,-17750,16
19434,-1348,2
19438,-26394,14
19440,-35340,15
19442,-32386,22
19452,-4818,10
19456,-1348,2
19460,-49250,28
19462,-99699,39
19464,-228362,50
19466,-90401,11
19472,-3053,4
19474,-5782,10
19478,-41374,10
19482,-231799,59
19488,-477223,105
19490,-10378,8
19494,-39821,4
19496,-207785,93
19498,-145227,65
19500,-59273,22
19502,-59904,6
19508,-356593,46
19512,-21310,4
19516,-189290,56
19520,-51130,7
19522,-110675,43
19530,-71903,51
19532,-21716,10
19534,-212992,52
19538,-356141,93
19540,-242966,73
19544,-69342,25
19546,-62731,29
19548,-53291,14
19550,-58166,6
19558,-148640,32
19560,-50815,9
19562,-1668,6
19564,-162933,69
19566,-64108,13
19568,-2704,4
19570,-185411,65
19572,-3485,9
19574,-101116,29
19582,-226957,25
19584,-468671,62
19586,-39350,4
19588,-39516,4
19590,-201052,24
19592,-32685,8
19596,-163431,38
19598,-280799,52
19600,-1110,6
19602,-2394,7
19606,-103523,97
19608,-123800,39
19616,-21585,7
19620,-12762,8
19624,-69195,7
19626,-172111,25
19628,-45244,12
19630,-4044,6
19632,-37749,15
19636,-49537,5
19646,-64577,16
19648,-382,1
19650,-3112,8
19652,-94404,21
19654,-228316,42
19656,-20772,4
19658,-4920,12
19660,-294962,136
19668,-67848,20
19670,-127830,29
19672,-153172,38
19674,-131504,19
19676,-3372,7
19688,-94158,39
19694,-19968,2
19696,-276194,77
19698,-88234,44
19700,-227470,37
19702,-180687,65
19704,-572606,136
19708,-237767,66
19710,-3522,12
19712,-23438,10
19714,-145713,31
19716,-113808,23
19718,-291452,62
19722,-2000,10
19724,-597,1
19728,-86919,29
19730,-2955,5
19736,-76140,48
19740,-5251,15
19742,-52950,34
19748,-346134,45
19752,-53303,36
19760,-319580,56
19764,-707944,117
19766,-189644,25
19768,-580260,126
19770,-49574,5
19772,-526481,118
19778,-145507,31
19780,-157526,37
19786,-21358,4
19788,-41248,8
19790,-349924,63
19794,-77880,8
19796,-29275,3
19798,-290822,76
19800,-59519,7
19802,-47376,21
19804,-216508,22
19806,-94729,28
19808,-79105,8
19812,-82506,17
19818,-62809,13
19822,-244556,39
19832,-386976,97
19834,-45200,18
19836,-47997,47
19838,-39112,30
19840,-46233,19
19842,-153881,39
19844,-319489,37
19846,-33065,9
19850,-25300,12
19852,-9978,1
19854,-46747,17
19856,-341963,48
19860,-266562,50
19862,-164435,33
19864,-387,1
19866,-2043,6
19870,-7632,23
19874,-68533,7
19878,-132586,24
19888,-1034652,257
19892,-345574,92
19894,-487862,105
19898,-2758,8
19902,-1800,3
19904,-5330,12
19906,-248145,112
19908,-66279,21
19910,-264414,80
19914,-393,1
19918,-81138,12
19924,-15121,12
19926,-87695,10
19930,-5061,9
19934,-178529,21
19936,-112497,21
19940,-111067,17
19944,-32432,8
19946,-149925,22
19948,-295392,68
19950,-54120,12
19952,-477867,102
19954,-63922,14
19962,-255881,62
19968,-88829,27
19970,-123930,28
19976,-878,2
19980,-53653,16
19982,-25599,15
19986,-11975,5
19990,-88303,33
19992,-29558,3
19994,-101578,17
20008,-944,2
20010,-794,1
20014,-190183,75
20018,-2700,4
20020,-228843,32
20022,-921639,155
20024,-467485,121
20026,-264518,27
20030,-148907,45
20032,-333362,84
20034,-28677,13
20036,-139792,38
20038,-469654,113
20040,-19576,2
20042,-159947,20
20044,-95769,17
20046,-195932,49
20060,-51575,12
20062,-136097,30
20064,-110473,62
20068,-2928,5
20072,-73778,21
20074,-132296,21
20078,-134315,28
20080,-5820,10
20082,-177040,38
20084,-198383,22
20086,-398259,77
20088,-49228,23
20092,-26834,40
20094,-62150,12
20096,-114914,21
20100,-67248,24
20102,-31153,5
20104,-83754,18
20112,-137361,14
20116,-129579,39
20118,-108760,11
20120,-184648,83
20124,-143515,30
20126,-470258,112
20128,-442315,94
20130,-316698,52
20132,-116547,29
20134,-258156,52
20136,-271196,39
20138,-209004,43
20140,-242036,35
20146,-83720,44
20148,-65762,18
20150,-381,1
20152,-705536,102
20156,-321246,88
20162,-571707,195
20164,-170715,47
20172,-254983,77
20174,-589289,126
20176,-148219,15
20178,-627942,129
20180,-147209,15
20182,-255380,65
20184,-262978,54
20186,-176399,29
20194,-141351,19
20198,-37931,34
20200,-168492,19
20204,-663,2
20208,-397,1
20210,-108527,36
20212,-53939,12
20214,-89589,12
20216,-55662,21
20222,-190878,88
20224,-40844,35
20226,-97518,30
20228,-249305,70
20230,-172607,59
20232,-231327,34
20234,-82861,34
20236,-186997,59
20238,-39948,4
20240,-199607,28
20244,-235356,46
20246,-12261,26
20248,-257105,43
20252,-2912,12
20256,-346035,82
20258,-179483,20
20260,-225865,93
20262,-386,2
20264,-141000,21
20266,-52249,9
20268,-140772,32
20270,-166228,39
20274,-434534,64
20278,-139684,15
20282,-209545,27
20286,-32171,11
20290,-788,2
20292,-88840,25
20298,-240633,55
20300,-110502,32
20308,-307335,43
20312,-280876,58
20314,-340366,44
20316,-794,1
20320,-209289,55
20322,-78912,8
20354,-130756,15
20356,-345948,62
20360,-131931,19
20362,-239177,28
20364,-239697,133
20366,-8509,20
20368,-58627,28
20376,-1132,4
20378,-282965,41
20380,-2108,4
20386,-179052,41
20392,-61066,11
20396,-58686,6
20400,-28125,20
20402,-81182,13
20404,-29913,3
20406,-220872,48
20410,-68720,9
20414,-9896,1
20418,-62912,16
20422,-149307,16
20424,-14619,12
20426,-164716,44
20428,-19764,2
20432,-233468,73
20434,-89646,43
20440,-175838,100
20442,-1090970,270
20444,-19952,2
20454,-186780,46
20462,-39568,4
20464,-107896,33
20466,-141562,18
20468,-115259,30
20470,-87226,24
20472,-30695,7
20474,-385450,75
20476,-507300,98
20480,-40068,6
20482,-229907,27
20488,-19970,2
20492,-39092,4
20494,-154310,27
20498,-234162,51
20500,-25998,11
20504,-12467,7
20506,-2465,5
20514,-107533,28
20516,-54852,45
20518,-48698,20
20522,-479882,135
20524,-700310,241
20528,-103271,21
20530,-24962,12
20532,-19968,2
20536,-103974,21
20538,-240881,34
20540,-3773,7
20542,-59223,28
20544,-103160,55
20546,-66320,17
20550,-41292,8
20552,-7507,17
20554,-210751,39
20558,-1800,9
20560,-55174,15
20562,-20936,4
20564,-79647,40
20566,-448916,110
20568,-267167,47
20570,-19680,2
20572,-227509,49
20576,-91856,16
20578,-29952,3
20580,-97970,26
20582,-181697,29
20592,-69072,7
20596,-136397,14
20600,-13073,35
20602,-86134,24
20604,-2028,3
20606,-95439,20
20612,-515507,134
20616,-1940,5
20624,-206424,65
20626,-281666,41
20632,-45626,16
20634,-617898,83
20636,-337518,55
20638,-498148,92
20640,-253080,48
20644,-149714,39
20646,-64076,17
20648,-184943,43
20650,-67189,18
20654,-73548,14
20656,-147483,35
20662,-86315,19
20666,-50069,50
20668,-4980,12
20670,-88653,9
20672,-7677,15
20680,-64881,32
20686,-43563,38
20696,-42460,10
20698,-10261,18
20700,-139594,35
20702,-11861,31
20704,-32913,9
20712,-188806,56
20714,-297777,53
20720,-19548,2
20722,-141158,72
20724,-821054,145
20726,-8400,16
20728,-28088,18
20738,-189428,40
20746,-610341,144
20752,-68553,7
20754,-86599,25
20758,-59651,41
20762,-101347,17
20764,-262362,53
20766,-347331,90
20770,-62256,27
20772,-139767,32
20776,-220331,47
20782,-64177,14
20784,-220894,69
20798,-2781,5
20800,-314159,82
20802,-212768,52
20804,-115512,34
20810,-54083,15
20812,-218837,53
20816,-262092,42
20818,-59532,6
20820,-2376,4
20822,-93621,21
20824,-174309,32
20826,-120153,27
20828,-59492,6
20832,-89633,10
20836,-20310,6
20840,-31510,9
20842,-158690,16
20848,-47527,36
20850,-315610,59
20854,-244348,49
20860,-3816,8
20862,-1112,4
20868,-199,1
20870,-7753,21
20876,-40904,6
20878,-83898,20
20882,-144021,26
20884,-123746,44
20888,-9271,20
20896,-360738,115
20898,-129077,49
20900,-212475,75
20902,-20530,4
20904,-3666,12
20908,-89097,12
20922,-588,1
20926,-154192,64
20934,-20444,3
20936,-104031,23
20940,-135466,28
20942,-181798,78
20944,-48944,29
20946,-1540,4
20950,-97780,10
20956,-40912,9
20960,-492,1
20972,-40361,7
20978,-225496,38
20980,-43924,12
20982,-1149,3
20986,-1458,3
20992,-167389,51
20996,-9882,1
20998,-2190,8
21004,-98681,17
21006,-168672,43
21008,-128602,19
21010,-20296,36
21012,-63771,22
21014,-1865,5
21020,-88038,9
21022,-20157,3
21030,-169366,20
21042,-120744,20
21044,-378,2
21046,-1352,2
21048,-9979,1
21050,-9981,1
21056,-19742,2
21062,-88577,9
21066,-77668,11
21068,-1692,6
21074,-20110,18
21076,-34717,10
21084,-403700,41
21088,-73662,18
21090,-251460,48
21092,-9987,17
21104,-1467,3
21106,-165097,80
21108,-611,3
21116,-9782,1
21118,-158970,20
21120,-79396,8
21122,-46788,34
21124,-142338,20
21126,-59732,6
21128,-21358,4
21130,-252528,39
21134,-11604,26
21146,-19382,2
21148,-1162,2
21150,-59844,6
21156,-375933,88
21160,-1528,8
21170,-1913,9
21180,-369648,97
21184,-235936,63
21186,-395336,76
21198,-111793,32
21200,-45178,19
21210,-82621,56
21212,-57931,26
21224,-285,1
21230,-22606,12
21236,-41280,8
21252,-3648,7
21256,-103239,18
21270,-8652,23
21272,-39322,4
21278,-55733,16
21284,-12173,28
21286,-4502,6
21292,-30618,5
21296,-304213,44
21300,-581,1
21302,-19742,2
21310,-20894,4
21312,-9877,1
21318,-7040,12
21322,-583466,124
21324,-240547,49
21326,-49270,5
21328,-178202,20
21332,-246938,25
21334,-346953,73
21338,-166958,62
21346,-5058,11
21348,-4479,9
21350,-21380,7
21354,-202822,30
21358,-33522,10
21360,-1956,4
21362,-61860,9
21364,-90046,12
21366,-84203,15
21368,-6662,14
21374,-91006,11
21378,-18371,15
21380,-39912,4
21382,-44639,35
21384,-109330,14
21392,-120988,22
21394,-127902,30
21400,-58734,6
21402,-332873,67
21404,-96164,23
21410,-124713,47
21412,-19550,2
21414,-43340,16
21416,-2340,10
21422,-28175,31
21424,-59358,6
21426,-271503,62
21430,-2918,9
21432,-144098,51
21434,-1085,2
21436,-486682,81
21442,-19966,2
21452,-61494,10
21454,-81600,12
21462,-33049,8
21470,-71338,26
21472,-80622,10
21474,-41690,8
21482,-39892,4
21488,-82828,16
21490,-2322,4
21492,-578,2
21500,-171100,30
21502,-99018,31
21504,-281870,43
21506,-127142,36
21508,-2262,8
21512,-10962,3
21520,-265753,37
21524,-120503,17
21526,-249813,80
21528,-210599,48
21530,-20356,4
21536,-65170,31
21538,-208024,25
21540,-273598,42
21542,-39564,4
21544,-104197,19
21550,-19846,3
21554,-1350,2
21556,-390026,66
21558,-60357,36
21566,-69723,7
21568,-11566,3
21574,-24292,16
21576,-6492,18
21578,-211264,60
21580,-170626,33
21586,-31695,34
21594,-9984,1
21596,-88587,9
21600,-19784,2
21610,-4656,8
21616,-89893,27
21622,-51233,9
21624,-44553,12
21628,-77033,22
21632,-143134,22
21634,-19954,2
21636,-547184,105
21638,-315142,32
21640,-92697,33
21646,-69457,9
21652,-169025,47
21654,-206431,74
21656,-128689,30
21660,-19576,2
21662,-12359,35
21668,-31074,7
21672,-90586,13
21674,-455339,84
21678,-120120,16
21680,-570,2
21682,-136521,48
21684,-333536,116
21694,-1992,4
21698,-367625,43
21702,-31985,7
21706,-43372,12
21710,-50296,6
21712,-1182,2
21716,-1188,2
21718,-7699,21
21720,-22781,8
21726,-79564,10
21730,-31122,7
21734,-38587,23
21738,-337878,67
21740,-19948,2
21744,-314032,72
21748,-7046,13
21752,-4718,7
21756,-10922,17
21762,-31721,7
21764,-60629,8
21770,-41738,9
21778,-33459,10
21786,-2336,6
21790,-80647,12
21794,-112632,19
21798,-1146858,222
21812,-246388,61
21818,-1154,2
21820,-87487,30
21826,-1704,6
21828,-1948,4
21830,-31706,9
21838,-113456,35
21842,-9685,1
21848,-1136,4
21850,-4348,6
21852,-39432,4
21858,-50648,7
21860,-49522,37
21864,-486986,162
21866,-104078,39
21870,-3117,9
21872,-34766,11
21880,-950,2
21882,-150734,27
21888,-4592,16
21892,-99564,14
21896,-1564,4
21898,-78300,8
21902,-91089,16
21908,-39322,4
21918,-154004,31
21920,-93268,22
21922,-20932,6
21924,-31850,8
21928,-20130,4
21932,-41868,8
21936,-150645,21
21938,-722889,86
21940,-68771,7
21944,-29397,3
21948,-20896,4
21950,-954,2
21952,-20916,4
21954,-170173,25
21956,-40459,7
21958,-69861,7
21960,-41252,11
21966,-87624,41
21968,-22582,10
21970,-72253,26
21972,-118965,12
21974,-239368,24
21982,-40430,6
21988,-29352,3
21990,-211162,155
21992,-3790,11
21996,-223773,65
22000,-1192,2
22002,-159520,18
22004,-12694,5
22008,-155887,29
22016,-29931,3
22018,-24878,13
22022,-275,1
22024,-28249,20
22030,-24792,12
